province_state,country_region,date,latitude,longitude,location_geom,confirmed,deaths,recovered,active,fips,admin2,combined_key
,UK,01-02-20,,,,2,0,0,,,,
,UK,18-02-20,,,,9,0,8,,,,
,UK,17-02-20,,,,9,0,8,,,,
,UK,31-01-20,,,,2,,,,,,
,UK,19-02-20,,,,9,0,8,,,,
,UK,22-02-20,,,,9,0,8,,,,
,UK,25-02-20,,,,13,0,8,,,,
,UK,16-02-20,,,,9,0,8,,,,
,UK,27-02-20,,,,15,0,8,,,,
,UK,03-02-20,,,,2,0,0,,,,
,UK,14-02-20,,,,9,0,1,,,,
,UK,05-02-20,,,,2,0,0,,,,
,UK,24-02-20,,,,13,0,8,,,,
,UK,29-02-20,,,,23,0,8,,,,
,UK,23-02-20,,,,9,0,8,,,,
,UK,06-02-20,,,,2,0,0,,,,
,UK,28-02-20,,,,20,0,8,,,,
,UK,10-02-20,,,,8,0,0,,,,
,UK,13-02-20,,,,9,0,1,,,,
,UK,04-02-20,,,,2,0,0,,,,
,UK,07-02-20,,,,3,0,0,,,,
,UK,15-02-20,,,,9,0,1,,,,
,UK,21-02-20,,,,9,0,8,,,,
,UK,09-02-20,,,,3,0,0,,,,
,UK,26-02-20,,,,13,0,8,,,,
,UK,02-02-20,,,,2,0,0,,,,
,UK,08-02-20,,,,3,0,0,,,,
,UK,11-02-20,,,,8,0,0,,,,
,UK,20-02-20,,,,9,0,8,,,,
,UK,12-02-20,,,,9,0,1,,,,
,UK,01-03-20,55,-3,POINT(-3 55),36,0,8,,,,
,UK,03-03-20,55,-3,POINT(-3 55),51,0,8,,,,
,UK,05-03-20,55,-3,POINT(-3 55),115,1,8,,,,
,UK,06-03-20,55,-3,POINT(-3 55),163,2,8,,,,
,UK,10-03-20,55,-3,POINT(-3 55),382,6,18,,,,
,UK,07-03-20,55,-3,POINT(-3 55),206,2,18,,,,
,UK,04-03-20,55,-3,POINT(-3 55),85,0,8,,,,
,UK,09-03-20,55,-3,POINT(-3 55),321,4,18,,,,
,UK,08-03-20,55,-3,POINT(-3 55),273,3,18,,,,
,UK,02-03-20,55,-3,POINT(-3 55),40,0,8,,,,
US,US,18-03-20,37.0902,-95.7129,POINT(-95.7129 37.0902),1,0,106,,,,
US,US,19-03-20,37.0902,-95.7129,POINT(-95.7129 37.0902),1,0,108,,,,
US,US,21-03-20,37.0902,-95.7129,POINT(-95.7129 37.0902),1,0,171,,,,
US,US,20-03-20,37.0902,-95.7129,POINT(-95.7129 37.0902),1,0,147,,,,
Guam,US,18-03-20,13.4443,144.7937,POINT(144.7937 13.4443),5,0,0,,,,
Guam,US,16-03-20,13.4443,144.7937,POINT(144.7937 13.4443),3,0,0,,,,
Guam,US,19-03-20,13.4443,144.7937,POINT(144.7937 13.4443),12,0,0,,,,
Guam,US,21-03-20,13.4443,144.7937,POINT(144.7937 13.4443),15,0,0,,,,
Guam,US,15-03-20,13.4443,144.7937,POINT(144.7937 13.4443),3,0,0,,,,
Guam,US,17-03-20,13.4443,144.7937,POINT(144.7937 13.4443),3,0,0,,,,
Guam,US,20-03-20,13.4443,144.7937,POINT(144.7937 13.4443),14,0,0,,,,
Guam,US,12-05-20,13.4443,144.7937,POINT(144.7937 13.4443),152,5,0,147,66,,
Guam,US,18-04-20,13.4443,144.7937,POINT(144.7937 13.4443),136,5,0,131,66,,
Guam,US,29-04-20,13.4443,144.7937,POINT(144.7937 13.4443),141,5,0,136,66,,
Guam,US,12-04-20,13.4443,144.7937,POINT(144.7937 13.4443),133,5,0,128,66,,
Guam,US,18-05-20,13.4443,144.7937,POINT(144.7937 13.4443),154,5,0,149,66,,
Guam,US,29-03-20,13.4443,144.7937,POINT(144.7937 13.4443),56,1,0,0,66000,,
Guam,US,18-06-20,13.4443,144.7937,POINT(144.7937 13.4443),192,5,0,187,66,,
Guam,US,30-06-20,13.4443,144.7937,POINT(144.7937 13.4443),257,5,0,252,66,,
Guam,US,30-05-20,13.4443,144.7937,POINT(144.7937 13.4443),172,5,0,167,66,,
Guam,US,23-06-20,13.4443,144.7937,POINT(144.7937 13.4443),225,5,0,220,66,,
Guam,US,05-04-20,13.4443,144.7937,POINT(144.7937 13.4443),112,4,0,0,66,,
Guam,US,23-05-20,13.4443,144.7937,POINT(144.7937 13.4443),165,5,0,160,66,,
Guam,US,23-04-20,13.4443,144.7937,POINT(144.7937 13.4443),139,5,0,134,66,,
Guam,US,29-05-20,13.4443,144.7937,POINT(144.7937 13.4443),172,5,0,167,66,,
Guam,US,29-06-20,13.4443,144.7937,POINT(144.7937 13.4443),253,5,0,248,66,,
Guam,US,23-03-20,13.4443,144.7937,POINT(144.7937 13.4443),29,1,0,0,66000,,
Guam,US,02-07-20,13.4443,144.7937,POINT(144.7937 13.4443),280,5,0,275,66,,
Guam,US,02-06-20,13.4443,144.7937,POINT(144.7937 13.4443),175,5,0,170,66,,
Guam,US,02-05-20,13.4443,144.7937,POINT(144.7937 13.4443),145,5,0,140,66,,
Guam,US,30-03-20,13.4443,144.7937,POINT(144.7937 13.4443),58,1,0,0,66000,,
Guam,US,30-04-20,13.4443,144.7937,POINT(144.7937 13.4443),145,5,0,140,66,,
Guam,US,02-04-20,13.4443,144.7937,POINT(144.7937 13.4443),82,3,0,0,66,,
Guam,US,24-03-20,13.4443,144.7937,POINT(144.7937 13.4443),32,1,0,0,66000,,
Guam,US,24-04-20,13.4443,144.7937,POINT(144.7937 13.4443),141,5,0,136,66,,
Guam,US,09-04-20,13.4443,144.7937,POINT(144.7937 13.4443),128,4,0,0,66,,
Guam,US,09-05-20,13.4443,144.7937,POINT(144.7937 13.4443),151,5,0,146,66,,
Guam,US,15-06-20,13.4443,144.7937,POINT(144.7937 13.4443),185,5,0,180,66,,
Guam,US,26-03-20,13.4443,144.7937,POINT(144.7937 13.4443),45,1,0,0,66000,,
Guam,US,15-04-20,13.4443,144.7937,POINT(144.7937 13.4443),135,5,0,130,66,,
Guam,US,09-06-20,13.4443,144.7937,POINT(144.7937 13.4443),180,5,0,175,66,,
Guam,US,21-04-20,13.4443,144.7937,POINT(144.7937 13.4443),136,5,0,131,66,,
Guam,US,15-05-20,13.4443,144.7937,POINT(144.7937 13.4443),154,5,0,149,66,,
Guam,US,21-05-20,13.4443,144.7937,POINT(144.7937 13.4443),165,5,0,160,66,,
Guam,US,21-06-20,13.4443,144.7937,POINT(144.7937 13.4443),222,5,0,217,66,,
Guam,US,26-04-20,13.4443,144.7937,POINT(144.7937 13.4443),141,5,0,136,66,,
Guam,US,26-06-20,13.4443,144.7937,POINT(144.7937 13.4443),247,5,0,242,66,,
Guam,US,26-05-20,13.4443,144.7937,POINT(144.7937 13.4443),167,5,0,162,66,,
Guam,US,25-06-20,13.4443,144.7937,POINT(144.7937 13.4443),231,5,0,226,66,,
Guam,US,25-04-20,13.4443,144.7937,POINT(144.7937 13.4443),141,5,0,136,66,,
Guam,US,16-04-20,13.4443,144.7937,POINT(144.7937 13.4443),135,5,0,130,66,,
Guam,US,10-05-20,13.4443,144.7937,POINT(144.7937 13.4443),151,5,0,146,66,,
Guam,US,25-05-20,13.4443,144.7937,POINT(144.7937 13.4443),166,5,0,161,66,,
Guam,US,10-06-20,13.4443,144.7937,POINT(144.7937 13.4443),180,5,0,175,66,,
Guam,US,25-03-20,13.4443,144.7937,POINT(144.7937 13.4443),37,1,0,0,66000,,
Guam,US,01-06-20,13.4443,144.7937,POINT(144.7937 13.4443),175,5,0,170,66,,
Guam,US,01-05-20,13.4443,144.7937,POINT(144.7937 13.4443),145,5,0,140,66,,
Guam,US,01-04-20,13.4443,144.7937,POINT(144.7937 13.4443),77,3,0,0,66000,,
Guam,US,07-04-20,13.4443,144.7937,POINT(144.7937 13.4443),121,4,0,0,66,,
Guam,US,16-06-20,13.4443,144.7937,POINT(144.7937 13.4443),186,5,0,181,66,,
Guam,US,16-05-20,13.4443,144.7937,POINT(144.7937 13.4443),154,5,0,149,66,,
Guam,US,10-04-20,13.4443,144.7937,POINT(144.7937 13.4443),130,4,0,0,66,,
Guam,US,07-05-20,13.4443,144.7937,POINT(144.7937 13.4443),149,5,0,144,66,,
Guam,US,07-06-20,13.4443,144.7937,POINT(144.7937 13.4443),179,5,0,174,66,,
Guam,US,06-04-20,13.4443,144.7937,POINT(144.7937 13.4443),113,4,0,0,66,,
Guam,US,06-05-20,13.4443,144.7937,POINT(144.7937 13.4443),149,5,0,144,66,,
Guam,US,06-06-20,13.4443,144.7937,POINT(144.7937 13.4443),179,5,0,174,66,,
Guam,US,24-06-20,13.4443,144.7937,POINT(144.7937 13.4443),226,5,0,221,66,,
Guam,US,24-05-20,13.4443,144.7937,POINT(144.7937 13.4443),166,5,0,161,66,,
Guam,US,17-05-20,13.4443,144.7937,POINT(144.7937 13.4443),154,5,0,149,66,,
Guam,US,01-07-20,13.4443,144.7937,POINT(144.7937 13.4443),267,5,0,262,66,,
Guam,US,11-04-20,13.4443,144.7937,POINT(144.7937 13.4443),133,5,0,0,66,,
Guam,US,17-06-20,13.4443,144.7937,POINT(144.7937 13.4443),188,5,0,183,66,,
Guam,US,06-07-20,13.4443,144.7937,POINT(144.7937 13.4443),301,5,0,296,66,,
Guam,US,17-04-20,13.4443,144.7937,POINT(144.7937 13.4443),136,5,0,131,66,,
Guam,US,05-07-20,13.4443,144.7937,POINT(144.7937 13.4443),280,5,0,275,66,,
Guam,US,05-05-20,13.4443,144.7937,POINT(144.7937 13.4443),145,5,0,140,66,,
Guam,US,08-06-20,13.4443,144.7937,POINT(144.7937 13.4443),179,5,0,174,66,,
Guam,US,14-06-20,13.4443,144.7937,POINT(144.7937 13.4443),183,5,0,178,66,,
Guam,US,05-06-20,13.4443,144.7937,POINT(144.7937 13.4443),179,5,0,174,66,,
Guam,US,11-05-20,13.4443,144.7937,POINT(144.7937 13.4443),151,5,0,146,66,,
Guam,US,27-03-20,13.4443,144.7937,POINT(144.7937 13.4443),51,1,0,0,66000,,
Guam,US,27-04-20,13.4443,144.7937,POINT(144.7937 13.4443),141,5,0,136,66,,
Guam,US,11-06-20,13.4443,144.7937,POINT(144.7937 13.4443),183,5,0,178,66,,
Guam,US,27-05-20,13.4443,144.7937,POINT(144.7937 13.4443),170,5,0,165,66,,
Guam,US,03-05-20,13.4443,144.7937,POINT(144.7937 13.4443),145,5,0,140,66,,
Guam,US,03-04-20,13.4443,144.7937,POINT(144.7937 13.4443),84,4,0,0,66,,
Guam,US,20-04-20,13.4443,144.7937,POINT(144.7937 13.4443),136,5,0,131,66,,
Guam,US,27-06-20,13.4443,144.7937,POINT(144.7937 13.4443),247,5,0,242,66,,
Guam,US,20-05-20,13.4443,144.7937,POINT(144.7937 13.4443),154,5,0,149,66,,
Guam,US,20-06-20,13.4443,144.7937,POINT(144.7937 13.4443),222,5,0,217,66,,
Guam,US,14-04-20,13.4443,144.7937,POINT(144.7937 13.4443),133,5,0,128,66,,
Guam,US,14-05-20,13.4443,144.7937,POINT(144.7937 13.4443),152,5,0,147,66,,
Guam,US,08-05-20,13.4443,144.7937,POINT(144.7937 13.4443),151,5,0,146,66,,
Guam,US,03-07-20,13.4443,144.7937,POINT(144.7937 13.4443),280,5,0,275,66,,
Guam,US,08-04-20,13.4443,144.7937,POINT(144.7937 13.4443),121,4,0,0,66,,
Guam,US,03-06-20,13.4443,144.7937,POINT(144.7937 13.4443),177,5,0,172,66,,
Guam,US,22-05-20,13.4443,144.7937,POINT(144.7937 13.4443),165,5,0,160,66,,
Guam,US,28-06-20,13.4443,144.7937,POINT(144.7937 13.4443),247,5,0,242,66,,
Guam,US,22-04-20,13.4443,144.7937,POINT(144.7937 13.4443),136,5,0,131,66,,
Guam,US,22-06-20,13.4443,144.7937,POINT(144.7937 13.4443),222,5,0,217,66,,
Guam,US,22-03-20,13.4443,144.7937,POINT(144.7937 13.4443),27,1,0,0,66000,,
Guam,US,28-03-20,13.4443,144.7937,POINT(144.7937 13.4443),55,1,0,0,66000,,
Guam,US,19-06-20,13.4443,144.7937,POINT(144.7937 13.4443),200,5,0,195,66,,
Guam,US,19-05-20,13.4443,144.7937,POINT(144.7937 13.4443),154,5,0,149,66,,
Guam,US,31-03-20,13.4443,144.7937,POINT(144.7937 13.4443),69,2,0,0,66000,,
Guam,US,28-04-20,13.4443,144.7937,POINT(144.7937 13.4443),141,5,0,136,66,,
Guam,US,28-05-20,13.4443,144.7937,POINT(144.7937 13.4443),171,5,0,166,66,,
Guam,US,19-04-20,13.4443,144.7937,POINT(144.7937 13.4443),136,5,0,131,66,,
Guam,US,04-05-20,13.4443,144.7937,POINT(144.7937 13.4443),145,5,0,140,66,,
Guam,US,04-07-20,13.4443,144.7937,POINT(144.7937 13.4443),280,5,0,275,66,,
Guam,US,04-06-20,13.4443,144.7937,POINT(144.7937 13.4443),179,5,0,174,66,,
Guam,US,13-06-20,13.4443,144.7937,POINT(144.7937 13.4443),183,5,0,178,66,,
Guam,US,31-05-20,13.4443,144.7937,POINT(144.7937 13.4443),172,5,0,167,66,,
Guam,US,13-04-20,13.4443,144.7937,POINT(144.7937 13.4443),133,5,0,128,66,,
Guam,US,13-05-20,13.4443,144.7937,POINT(144.7937 13.4443),152,5,0,147,66,,
Guam,US,04-04-20,13.4443,144.7937,POINT(144.7937 13.4443),93,4,0,0,66,,
Guam,US,12-06-20,13.4443,144.7937,POINT(144.7937 13.4443),183,5,0,178,66,,
Iowa,US,12-05-20,,,,6,0,0,6,90019,Unassigned,
Iowa,US,18-04-20,,,,1,0,0,1,90019,Unassigned,
Iowa,US,29-04-20,,,,20,0,0,20,90019,Unassigned,
Iowa,US,12-04-20,,,,0,6,0,-6,90019,Unassigned,
Iowa,US,18-05-20,,,,9,0,0,9,90019,Unassigned,
Iowa,US,18-06-20,,,,7,0,0,7,90019,Unassigned,
Iowa,US,30-06-20,,,,3,0,0,3,90019,Unassigned,
Iowa,US,30-05-20,,,,6,0,0,6,90019,Unassigned,
Iowa,US,23-06-20,,,,5,0,0,5,90019,Unassigned,
Iowa,US,05-04-20,,,,0,0,0,0,90019,Unassigned,
Iowa,US,23-05-20,,,,2,0,0,2,90019,Unassigned,
Iowa,US,23-04-20,,,,3,0,0,3,90019,Unassigned,
Iowa,US,29-05-20,,,,1,0,0,1,90019,Unassigned,
Iowa,US,29-06-20,,,,6,0,0,6,90019,Unassigned,
Iowa,US,02-07-20,,,,7,0,0,7,90019,Unassigned,
Iowa,US,02-06-20,,,,3,0,0,3,90019,Unassigned,
Iowa,US,02-05-20,,,,95,0,0,95,90019,Unassigned,
Iowa,US,30-04-20,,,,24,0,0,24,90019,Unassigned,
Iowa,US,02-04-20,,,,0,1,0,0,90019,Unassigned,
Iowa,US,24-04-20,,,,4,0,0,4,90019,Unassigned,
Iowa,US,09-04-20,,,,0,3,0,0,90019,Unassigned,
Iowa,US,09-05-20,,,,3,0,0,3,90019,Unassigned,
Iowa,US,15-06-20,,,,6,0,0,6,90019,Unassigned,
Iowa,US,15-04-20,,,,0,0,0,0,90019,Unassigned,
Iowa,US,09-06-20,,,,4,0,0,4,90019,Unassigned,
Iowa,US,21-04-20,,,,21,0,0,21,90019,Unassigned,
Iowa,US,15-05-20,,,,10,0,0,10,90019,Unassigned,
Iowa,US,21-05-20,,,,14,0,0,14,90019,Unassigned,
Iowa,US,21-06-20,,,,5,0,0,5,90019,Unassigned,
Iowa,US,26-04-20,,,,6,0,0,6,90019,Unassigned,
Iowa,US,26-06-20,,,,4,0,0,4,90019,Unassigned,
Iowa,US,26-05-20,,,,2,0,0,2,90019,Unassigned,
Iowa,US,25-06-20,,,,9,0,0,9,90019,Unassigned,
Iowa,US,25-04-20,,,,5,0,0,5,90019,Unassigned,
Iowa,US,16-04-20,,,,0,0,0,0,90019,Unassigned,
Iowa,US,10-05-20,,,,0,0,0,0,90019,Unassigned,
Iowa,US,25-05-20,,,,6,0,0,6,90019,Unassigned,
Iowa,US,10-06-20,,,,4,0,0,4,90019,Unassigned,
Iowa,US,01-06-20,,,,1,0,0,1,90019,Unassigned,
Iowa,US,01-05-20,,,,63,0,0,63,90019,Unassigned,
Iowa,US,07-04-20,,,,0,1,0,0,90019,Unassigned,
Iowa,US,16-06-20,,,,5,0,0,5,90019,Unassigned,
Iowa,US,16-05-20,,,,15,0,0,15,90019,Unassigned,
Iowa,US,10-04-20,,,,0,3,0,0,90019,Unassigned,
Iowa,US,07-05-20,,,,8,0,0,8,90019,Unassigned,
Iowa,US,07-06-20,,,,4,0,0,4,90019,Unassigned,
Iowa,US,06-04-20,,,,0,0,0,0,90019,Unassigned,
Iowa,US,06-05-20,,,,13,0,0,13,90019,Unassigned,
Iowa,US,06-06-20,,,,9,0,0,9,90019,Unassigned,
Iowa,US,24-06-20,,,,5,0,0,5,90019,Unassigned,
Iowa,US,24-05-20,,,,3,0,0,3,90019,Unassigned,
Iowa,US,17-05-20,,,,8,0,0,8,90019,Unassigned,
Iowa,US,01-07-20,,,,4,0,0,4,90019,Unassigned,
Iowa,US,11-04-20,,,,0,6,0,0,90019,Unassigned,
Iowa,US,17-06-20,,,,5,0,0,5,90019,Unassigned,
Iowa,US,06-07-20,,,,17,0,0,17,90019,Unassigned,
Iowa,US,17-04-20,,,,1,0,0,1,90019,Unassigned,
Iowa,US,05-07-20,,,,16,0,0,16,90019,Unassigned,
Iowa,US,05-05-20,,,,0,0,0,0,90019,Unassigned,
Iowa,US,08-06-20,,,,4,0,0,4,90019,Unassigned,
Iowa,US,14-06-20,,,,5,0,0,5,90019,Unassigned,
Iowa,US,05-06-20,,,,2,0,0,2,90019,Unassigned,
Iowa,US,11-05-20,,,,5,0,0,5,90019,Unassigned,
Iowa,US,27-04-20,,,,7,0,0,7,90019,Unassigned,
Iowa,US,11-06-20,,,,8,0,0,8,90019,Unassigned,
Iowa,US,27-05-20,,,,8,0,0,8,90019,Unassigned,
Iowa,US,03-05-20,,,,124,0,0,124,90019,Unassigned,
Iowa,US,03-04-20,,,,0,1,0,0,90019,Unassigned,
Iowa,US,20-04-20,,,,2,0,0,2,90019,Unassigned,
Iowa,US,27-06-20,,,,4,0,0,4,90019,Unassigned,
Iowa,US,20-05-20,,,,8,0,0,8,90019,Unassigned,
Iowa,US,20-06-20,,,,5,0,0,5,90019,Unassigned,
Iowa,US,14-04-20,,,,0,6,0,-6,90019,Unassigned,
Iowa,US,14-05-20,,,,8,0,0,8,90019,Unassigned,
Iowa,US,08-05-20,,,,17,0,0,17,90019,Unassigned,
Iowa,US,03-07-20,,,,7,0,0,7,90019,Unassigned,
Iowa,US,08-04-20,,,,0,1,0,0,90019,Unassigned,
Iowa,US,03-06-20,,,,0,0,0,0,90019,Unassigned,
Iowa,US,22-05-20,,,,6,0,0,6,90019,Unassigned,
Iowa,US,28-06-20,,,,6,0,0,6,90019,Unassigned,
Iowa,US,22-04-20,,,,4,0,0,4,90019,Unassigned,
Iowa,US,22-06-20,,,,8,0,0,8,90019,Unassigned,
Iowa,US,19-06-20,,,,9,0,0,9,90019,Unassigned,
Iowa,US,19-05-20,,,,5,0,0,5,90019,Unassigned,
Iowa,US,28-04-20,,,,13,0,0,13,90019,Unassigned,
Iowa,US,28-05-20,,,,1,0,0,1,90019,Unassigned,
Iowa,US,19-04-20,,,,7,0,0,7,90019,Unassigned,
Iowa,US,04-05-20,,,,95,0,0,95,90019,Unassigned,
Iowa,US,04-07-20,,,,16,0,0,16,90019,Unassigned,
Iowa,US,04-06-20,,,,0,0,0,0,90019,Unassigned,
Iowa,US,13-06-20,,,,5,0,0,5,90019,Unassigned,
Iowa,US,31-05-20,,,,1,0,0,1,90019,Unassigned,
Iowa,US,13-04-20,,,,0,3,0,-3,90019,Unassigned,
Iowa,US,13-05-20,,,,5,0,0,5,90019,Unassigned,
Iowa,US,04-04-20,,,,0,3,0,0,90019,Unassigned,
Iowa,US,12-06-20,,,,4,0,0,4,90019,Unassigned,
Iowa,US,12-05-20,41.33577126,-91.71725711,POINT(-91.71725711 41.33577126),163,7,0,156,19183,Washington,
Iowa,US,18-04-20,41.33577126,-91.71725711,POINT(-91.71725711 41.33577126),113,5,0,108,19183,Washington,
Iowa,US,29-04-20,41.33577126,-91.71725711,POINT(-91.71725711 41.33577126),139,7,0,132,19183,Washington,
Iowa,US,12-04-20,41.33577126,-91.71725711,POINT(-91.71725711 41.33577126),81,4,0,77,19183,Washington,
Iowa,US,18-05-20,41.33577126,-91.71725711,POINT(-91.71725711 41.33577126),172,8,0,164,19183,Washington,
Iowa,US,29-03-20,41.33577126,-91.71725711,POINT(-91.71725711 41.33577126),13,0,0,0,19183,Washington,
Iowa,US,18-06-20,41.33577126,-91.71725711,POINT(-91.71725711 41.33577126),210,9,0,201,19183,Washington,
Iowa,US,30-06-20,41.33577126,-91.71725711,POINT(-91.71725711 41.33577126),225,9,0,216,19183,Washington,
Iowa,US,30-05-20,41.33577126,-91.71725711,POINT(-91.71725711 41.33577126),188,8,0,180,19183,Washington,
Iowa,US,23-06-20,41.33577126,-91.71725711,POINT(-91.71725711 41.33577126),214,9,0,205,19183,Washington,
Iowa,US,05-04-20,41.33577126,-91.71725711,POINT(-91.71725711 41.33577126),49,3,0,0,19183,Washington,
Iowa,US,23-05-20,41.33577126,-91.71725711,POINT(-91.71725711 41.33577126),179,8,0,171,19183,Washington,
Iowa,US,23-04-20,41.33577126,-91.71725711,POINT(-91.71725711 41.33577126),124,5,0,119,19183,Washington,
Iowa,US,29-05-20,41.33577126,-91.71725711,POINT(-91.71725711 41.33577126),187,8,0,179,19183,Washington,
Iowa,US,29-06-20,41.33577126,-91.71725711,POINT(-91.71725711 41.33577126),225,9,0,216,19183,Washington,
Iowa,US,23-03-20,41.33577126,-91.71725711,POINT(-91.71725711 41.33577126),3,0,0,0,19183,Washington,
Iowa,US,02-07-20,41.33577126,-91.71725711,POINT(-91.71725711 41.33577126),234,9,0,225,19183,Washington,
Iowa,US,02-06-20,41.33577126,-91.71725711,POINT(-91.71725711 41.33577126),190,8,0,182,19183,Washington,
Iowa,US,02-05-20,41.33577126,-91.71725711,POINT(-91.71725711 41.33577126),145,7,0,138,19183,Washington,
Iowa,US,30-03-20,41.33577126,-91.71725711,POINT(-91.71725711 41.33577126),18,1,0,0,19183,Washington,
Iowa,US,30-04-20,41.33577126,-91.71725711,POINT(-91.71725711 41.33577126),141,7,0,134,19183,Washington,
Iowa,US,02-04-20,41.33577126,-91.71725711,POINT(-91.71725711 41.33577126),36,2,0,0,19183,Washington,
Iowa,US,24-03-20,41.33577126,-91.71725711,POINT(-91.71725711 41.33577126),4,0,0,0,19183,Washington,
Iowa,US,24-04-20,41.33577126,-91.71725711,POINT(-91.71725711 41.33577126),131,5,0,126,19183,Washington,
Iowa,US,09-04-20,41.33577126,-91.71725711,POINT(-91.71725711 41.33577126),65,3,0,0,19183,Washington,
Iowa,US,09-05-20,41.33577126,-91.71725711,POINT(-91.71725711 41.33577126),156,7,0,149,19183,Washington,
Iowa,US,15-06-20,41.33577126,-91.71725711,POINT(-91.71725711 41.33577126),208,9,0,199,19183,Washington,
Iowa,US,26-03-20,41.33577126,-91.71725711,POINT(-91.71725711 41.33577126),8,0,0,0,19183,Washington,
Iowa,US,15-04-20,41.33577126,-91.71725711,POINT(-91.71725711 41.33577126),101,4,0,97,19183,Washington,
Iowa,US,09-06-20,41.33577126,-91.71725711,POINT(-91.71725711 41.33577126),202,9,0,193,19183,Washington,
Iowa,US,21-04-20,41.33577126,-91.71725711,POINT(-91.71725711 41.33577126),124,5,0,119,19183,Washington,
Iowa,US,15-05-20,41.33577126,-91.71725711,POINT(-91.71725711 41.33577126),163,8,0,155,19183,Washington,
Iowa,US,21-05-20,41.33577126,-91.71725711,POINT(-91.71725711 41.33577126),174,8,0,166,19183,Washington,
Iowa,US,21-06-20,41.33577126,-91.71725711,POINT(-91.71725711 41.33577126),212,9,0,203,19183,Washington,
Iowa,US,26-04-20,41.33577126,-91.71725711,POINT(-91.71725711 41.33577126),132,5,0,127,19183,Washington,
Iowa,US,26-06-20,41.33577126,-91.71725711,POINT(-91.71725711 41.33577126),219,9,0,210,19183,Washington,
Iowa,US,26-05-20,41.33577126,-91.71725711,POINT(-91.71725711 41.33577126),184,8,0,176,19183,Washington,
Iowa,US,25-06-20,41.33577126,-91.71725711,POINT(-91.71725711 41.33577126),217,9,0,208,19183,Washington,
Iowa,US,25-04-20,41.33577126,-91.71725711,POINT(-91.71725711 41.33577126),132,5,0,127,19183,Washington,
Iowa,US,16-04-20,41.33577126,-91.71725711,POINT(-91.71725711 41.33577126),106,4,0,102,19183,Washington,
Iowa,US,10-05-20,41.33577126,-91.71725711,POINT(-91.71725711 41.33577126),159,7,0,152,19183,Washington,
Iowa,US,25-05-20,41.33577126,-91.71725711,POINT(-91.71725711 41.33577126),180,8,0,172,19183,Washington,
Iowa,US,10-06-20,41.33577126,-91.71725711,POINT(-91.71725711 41.33577126),206,9,0,197,19183,Washington,
Iowa,US,25-03-20,41.33577126,-91.71725711,POINT(-91.71725711 41.33577126),6,0,0,0,19183,Washington,
Iowa,US,01-06-20,41.33577126,-91.71725711,POINT(-91.71725711 41.33577126),189,8,0,181,19183,Washington,
Iowa,US,01-05-20,41.33577126,-91.71725711,POINT(-91.71725711 41.33577126),144,7,0,137,19183,Washington,
Iowa,US,01-04-20,41.33577126,-91.71725711,POINT(-91.71725711 41.33577126),34,2,0,0,19183,Washington,
Iowa,US,07-04-20,41.33577126,-91.71725711,POINT(-91.71725711 41.33577126),57,3,0,0,19183,Washington,
Iowa,US,16-06-20,41.33577126,-91.71725711,POINT(-91.71725711 41.33577126),208,9,0,199,19183,Washington,
Iowa,US,16-05-20,41.33577126,-91.71725711,POINT(-91.71725711 41.33577126),170,8,0,162,19183,Washington,
Iowa,US,10-04-20,41.33577126,-91.71725711,POINT(-91.71725711 41.33577126),70,3,0,0,19183,Washington,
Iowa,US,07-05-20,41.33577126,-91.71725711,POINT(-91.71725711 41.33577126),154,7,0,147,19183,Washington,
Iowa,US,07-06-20,41.33577126,-91.71725711,POINT(-91.71725711 41.33577126),200,9,0,191,19183,Washington,
Iowa,US,06-04-20,41.33577126,-91.71725711,POINT(-91.71725711 41.33577126),52,3,0,0,19183,Washington,
Iowa,US,06-05-20,41.33577126,-91.71725711,POINT(-91.71725711 41.33577126),152,7,0,145,19183,Washington,
Iowa,US,06-06-20,41.33577126,-91.71725711,POINT(-91.71725711 41.33577126),199,8,0,191,19183,Washington,
Iowa,US,24-06-20,41.33577126,-91.71725711,POINT(-91.71725711 41.33577126),216,9,0,207,19183,Washington,
Iowa,US,24-05-20,41.33577126,-91.71725711,POINT(-91.71725711 41.33577126),179,8,0,171,19183,Washington,
Iowa,US,17-05-20,41.33577126,-91.71725711,POINT(-91.71725711 41.33577126),172,8,0,164,19183,Washington,
Iowa,US,01-07-20,41.33577126,-91.71725711,POINT(-91.71725711 41.33577126),229,9,0,220,19183,Washington,
Iowa,US,11-04-20,41.33577126,-91.71725711,POINT(-91.71725711 41.33577126),79,3,0,0,19183,Washington,
Iowa,US,17-06-20,41.33577126,-91.71725711,POINT(-91.71725711 41.33577126),209,9,0,200,19183,Washington,
Iowa,US,06-07-20,41.33577126,-91.71725711,POINT(-91.71725711 41.33577126),243,9,0,234,19183,Washington,
Iowa,US,17-04-20,41.33577126,-91.71725711,POINT(-91.71725711 41.33577126),109,5,0,104,19183,Washington,
Iowa,US,05-07-20,41.33577126,-91.71725711,POINT(-91.71725711 41.33577126),240,9,0,231,19183,Washington,
Iowa,US,05-05-20,41.33577126,-91.71725711,POINT(-91.71725711 41.33577126),149,7,0,142,19183,Washington,
Iowa,US,08-06-20,41.33577126,-91.71725711,POINT(-91.71725711 41.33577126),200,9,0,191,19183,Washington,
Iowa,US,14-06-20,41.33577126,-91.71725711,POINT(-91.71725711 41.33577126),208,9,0,199,19183,Washington,
Iowa,US,05-06-20,41.33577126,-91.71725711,POINT(-91.71725711 41.33577126),196,8,0,188,19183,Washington,
Iowa,US,11-05-20,41.33577126,-91.71725711,POINT(-91.71725711 41.33577126),162,7,0,155,19183,Washington,
Iowa,US,27-03-20,41.33577126,-91.71725711,POINT(-91.71725711 41.33577126),11,0,0,0,19183,Washington,
Iowa,US,27-04-20,41.33577126,-91.71725711,POINT(-91.71725711 41.33577126),136,6,0,130,19183,Washington,
Iowa,US,11-06-20,41.33577126,-91.71725711,POINT(-91.71725711 41.33577126),205,9,0,196,19183,Washington,
Iowa,US,27-05-20,41.33577126,-91.71725711,POINT(-91.71725711 41.33577126),185,8,0,177,19183,Washington,
Iowa,US,03-05-20,41.33577126,-91.71725711,POINT(-91.71725711 41.33577126),148,7,0,141,19183,Washington,
Iowa,US,03-04-20,41.33577126,-91.71725711,POINT(-91.71725711 41.33577126),43,2,0,0,19183,Washington,
Iowa,US,20-04-20,41.33577126,-91.71725711,POINT(-91.71725711 41.33577126),121,5,0,116,19183,Washington,
Iowa,US,27-06-20,41.33577126,-91.71725711,POINT(-91.71725711 41.33577126),220,9,0,211,19183,Washington,
Iowa,US,20-05-20,41.33577126,-91.71725711,POINT(-91.71725711 41.33577126),173,8,0,165,19183,Washington,
Iowa,US,20-06-20,41.33577126,-91.71725711,POINT(-91.71725711 41.33577126),210,9,0,201,19183,Washington,
Iowa,US,14-04-20,41.33577126,-91.71725711,POINT(-91.71725711 41.33577126),95,4,0,91,19183,Washington,
Iowa,US,14-05-20,41.33577126,-91.71725711,POINT(-91.71725711 41.33577126),163,8,0,155,19183,Washington,
Iowa,US,08-05-20,41.33577126,-91.71725711,POINT(-91.71725711 41.33577126),155,7,0,148,19183,Washington,
Iowa,US,03-07-20,41.33577126,-91.71725711,POINT(-91.71725711 41.33577126),234,9,0,225,19183,Washington,
Iowa,US,08-04-20,41.33577126,-91.71725711,POINT(-91.71725711 41.33577126),62,3,0,0,19183,Washington,
Iowa,US,03-06-20,41.33577126,-91.71725711,POINT(-91.71725711 41.33577126),192,8,0,184,19183,Washington,
Iowa,US,22-05-20,41.33577126,-91.71725711,POINT(-91.71725711 41.33577126),178,8,0,170,19183,Washington,
Iowa,US,28-06-20,41.33577126,-91.71725711,POINT(-91.71725711 41.33577126),221,9,0,212,19183,Washington,
Iowa,US,22-04-20,41.33577126,-91.71725711,POINT(-91.71725711 41.33577126),124,5,0,119,19183,Washington,
Iowa,US,22-06-20,41.33577126,-91.71725711,POINT(-91.71725711 41.33577126),214,9,0,205,19183,Washington,
Iowa,US,22-03-20,41.33577126,-91.71725711,POINT(-91.71725711 41.33577126),3,0,0,0,19183,Washington,
Iowa,US,28-03-20,41.33577126,-91.71725711,POINT(-91.71725711 41.33577126),11,0,0,0,19183,Washington,
Iowa,US,19-06-20,41.33577126,-91.71725711,POINT(-91.71725711 41.33577126),210,9,0,201,19183,Washington,
Iowa,US,19-05-20,41.33577126,-91.71725711,POINT(-91.71725711 41.33577126),173,8,0,165,19183,Washington,
Iowa,US,31-03-20,41.33577126,-91.71725711,POINT(-91.71725711 41.33577126),24,1,0,0,19183,Washington,
Iowa,US,28-04-20,41.33577126,-91.71725711,POINT(-91.71725711 41.33577126),138,6,0,132,19183,Washington,
Iowa,US,28-05-20,41.33577126,-91.71725711,POINT(-91.71725711 41.33577126),185,8,0,177,19183,Washington,
Iowa,US,19-04-20,41.33577126,-91.71725711,POINT(-91.71725711 41.33577126),118,5,0,113,19183,Washington,
Iowa,US,04-05-20,41.33577126,-91.71725711,POINT(-91.71725711 41.33577126),149,7,0,142,19183,Washington,
Iowa,US,04-07-20,41.33577126,-91.71725711,POINT(-91.71725711 41.33577126),236,9,0,227,19183,Washington,
Iowa,US,04-06-20,41.33577126,-91.71725711,POINT(-91.71725711 41.33577126),195,8,0,187,19183,Washington,
Iowa,US,13-06-20,41.33577126,-91.71725711,POINT(-91.71725711 41.33577126),208,9,0,199,19183,Washington,
Iowa,US,31-05-20,41.33577126,-91.71725711,POINT(-91.71725711 41.33577126),189,8,0,181,19183,Washington,
Iowa,US,13-04-20,41.33577126,-91.71725711,POINT(-91.71725711 41.33577126),89,4,0,85,19183,Washington,
Iowa,US,13-05-20,41.33577126,-91.71725711,POINT(-91.71725711 41.33577126),163,8,0,155,19183,Washington,
Iowa,US,04-04-20,41.33577126,-91.71725711,POINT(-91.71725711 41.33577126),47,2,0,0,19183,Washington,
Iowa,US,12-06-20,41.33577126,-91.71725711,POINT(-91.71725711 41.33577126),206,9,0,197,19183,Washington,
Iowa,US,18-04-20,42.4704581,-92.30524729,POINT(-92.30524729 42.4704581),166,1,0,165,19013,Black Hawk,
Iowa,US,29-04-20,42.4704581,-92.30524729,POINT(-92.30524729 42.4704581),1082,13,0,1069,19013,Black Hawk,
Iowa,US,12-04-20,42.4704581,-92.30524729,POINT(-92.30524729 42.4704581),47,0,0,47,19013,Black Hawk,
Iowa,US,18-05-20,42.4704581,-92.30524729,POINT(-92.30524729 42.4704581),1603,30,0,1573,19013,Black Hawk,
Iowa,US,29-03-20,42.4704581,-92.30524729,POINT(-92.30524729 42.4704581),6,0,0,0,19013,Black Hawk,
Iowa,US,18-06-20,42.4704581,-92.30524729,POINT(-92.30524729 42.4704581),1860,56,0,1804,19013,Black Hawk,
Iowa,US,30-06-20,42.4704581,-92.30524729,POINT(-92.30524729 42.4704581),2095,57,0,2038,19013,Black Hawk,
Iowa,US,30-05-20,42.4704581,-92.30524729,POINT(-92.30524729 42.4704581),1739,44,0,1695,19013,Black Hawk,
Iowa,US,23-06-20,42.4704581,-92.30524729,POINT(-92.30524729 42.4704581),1913,56,0,1857,19013,Black Hawk,
Iowa,US,05-04-20,42.4704581,-92.30524729,POINT(-92.30524729 42.4704581),12,0,0,0,19013,Black Hawk,
Iowa,US,23-05-20,42.4704581,-92.30524729,POINT(-92.30524729 42.4704581),1669,38,0,1631,19013,Black Hawk,
Iowa,US,23-04-20,42.4704581,-92.30524729,POINT(-92.30524729 42.4704581),420,4,0,416,19013,Black Hawk,
Iowa,US,29-05-20,42.4704581,-92.30524729,POINT(-92.30524729 42.4704581),1730,44,0,1686,19013,Black Hawk,
Iowa,US,29-06-20,42.4704581,-92.30524729,POINT(-92.30524729 42.4704581),2079,57,0,2022,19013,Black Hawk,
Iowa,US,23-03-20,42.4704581,-92.30524729,POINT(-92.30524729 42.4704581),3,0,0,0,19013,Black Hawk,
Iowa,US,02-07-20,42.4704581,-92.30524729,POINT(-92.30524729 42.4704581),2180,58,0,2122,19013,Black Hawk,
Iowa,US,02-06-20,42.4704581,-92.30524729,POINT(-92.30524729 42.4704581),1759,45,0,1714,19013,Black Hawk,
Iowa,US,02-05-20,42.4704581,-92.30524729,POINT(-92.30524729 42.4704581),1255,13,0,1242,19013,Black Hawk,
Iowa,US,30-03-20,42.4704581,-92.30524729,POINT(-92.30524729 42.4704581),6,0,0,0,19013,Black Hawk,
Iowa,US,30-04-20,42.4704581,-92.30524729,POINT(-92.30524729 42.4704581),1140,13,0,1127,19013,Black Hawk,
Iowa,US,02-04-20,42.4704581,-92.30524729,POINT(-92.30524729 42.4704581),8,0,0,0,19013,Black Hawk,
Iowa,US,24-03-20,42.4704581,-92.30524729,POINT(-92.30524729 42.4704581),4,0,0,0,19013,Black Hawk,
Iowa,US,24-04-20,42.4704581,-92.30524729,POINT(-92.30524729 42.4704581),530,7,0,523,19013,Black Hawk,
Iowa,US,09-04-20,42.4704581,-92.30524729,POINT(-92.30524729 42.4704581),21,0,0,0,19013,Black Hawk,
Iowa,US,09-05-20,42.4704581,-92.30524729,POINT(-92.30524729 42.4704581),1477,20,0,1457,19013,Black Hawk,
Iowa,US,15-06-20,42.4704581,-92.30524729,POINT(-92.30524729 42.4704581),1836,54,0,1782,19013,Black Hawk,
Iowa,US,26-03-20,42.4704581,-92.30524729,POINT(-92.30524729 42.4704581),5,0,0,0,19013,Black Hawk,
Iowa,US,15-04-20,42.4704581,-92.30524729,POINT(-92.30524729 42.4704581),85,0,0,85,19013,Black Hawk,
Iowa,US,09-06-20,42.4704581,-92.30524729,POINT(-92.30524729 42.4704581),1802,52,0,1750,19013,Black Hawk,
Iowa,US,21-04-20,42.4704581,-92.30524729,POINT(-92.30524729 42.4704581),366,2,0,364,19013,Black Hawk,
Iowa,US,15-05-20,42.4704581,-92.30524729,POINT(-92.30524729 42.4704581),1548,29,0,1519,19013,Black Hawk,
Iowa,US,21-05-20,42.4704581,-92.30524729,POINT(-92.30524729 42.4704581),1654,37,0,1617,19013,Black Hawk,
Iowa,US,21-06-20,42.4704581,-92.30524729,POINT(-92.30524729 42.4704581),1892,56,0,1836,19013,Black Hawk,
Iowa,US,26-04-20,42.4704581,-92.30524729,POINT(-92.30524729 42.4704581),714,9,0,705,19013,Black Hawk,
Iowa,US,26-06-20,42.4704581,-92.30524729,POINT(-92.30524729 42.4704581),1996,57,0,1939,19013,Black Hawk,
Iowa,US,26-05-20,42.4704581,-92.30524729,POINT(-92.30524729 42.4704581),1692,40,0,1652,19013,Black Hawk,
Iowa,US,25-06-20,42.4704581,-92.30524729,POINT(-92.30524729 42.4704581),1961,57,0,1904,19013,Black Hawk,
Iowa,US,25-04-20,42.4704581,-92.30524729,POINT(-92.30524729 42.4704581),691,8,0,683,19013,Black Hawk,
Iowa,US,16-04-20,42.4704581,-92.30524729,POINT(-92.30524729 42.4704581),109,0,0,109,19013,Black Hawk,
Iowa,US,10-05-20,42.4704581,-92.30524729,POINT(-92.30524729 42.4704581),1493,23,0,1470,19013,Black Hawk,
Iowa,US,25-05-20,42.4704581,-92.30524729,POINT(-92.30524729 42.4704581),1682,39,0,1643,19013,Black Hawk,
Iowa,US,10-06-20,42.4704581,-92.30524729,POINT(-92.30524729 42.4704581),1813,53,0,1760,19013,Black Hawk,
Iowa,US,25-03-20,42.4704581,-92.30524729,POINT(-92.30524729 42.4704581),4,0,0,0,19013,Black Hawk,
Iowa,US,01-06-20,42.4704581,-92.30524729,POINT(-92.30524729 42.4704581),1747,45,0,1702,19013,Black Hawk,
Iowa,US,01-05-20,42.4704581,-92.30524729,POINT(-92.30524729 42.4704581),1195,13,0,1182,19013,Black Hawk,
Iowa,US,01-04-20,42.4704581,-92.30524729,POINT(-92.30524729 42.4704581),7,0,0,0,19013,Black Hawk,
Iowa,US,07-04-20,42.4704581,-92.30524729,POINT(-92.30524729 42.4704581),15,0,0,0,19013,Black Hawk,
Iowa,US,16-06-20,42.4704581,-92.30524729,POINT(-92.30524729 42.4704581),1838,55,0,1783,19013,Black Hawk,
Iowa,US,16-05-20,42.4704581,-92.30524729,POINT(-92.30524729 42.4704581),1571,29,0,1542,19013,Black Hawk,
Iowa,US,10-04-20,42.4704581,-92.30524729,POINT(-92.30524729 42.4704581),35,0,0,0,19013,Black Hawk,
Iowa,US,07-05-20,42.4704581,-92.30524729,POINT(-92.30524729 42.4704581),1450,19,0,1431,19013,Black Hawk,
Iowa,US,07-06-20,42.4704581,-92.30524729,POINT(-92.30524729 42.4704581),1794,50,0,1744,19013,Black Hawk,
Iowa,US,06-04-20,42.4704581,-92.30524729,POINT(-92.30524729 42.4704581),12,0,0,0,19013,Black Hawk,
Iowa,US,06-05-20,42.4704581,-92.30524729,POINT(-92.30524729 42.4704581),1396,19,0,1377,19013,Black Hawk,
Iowa,US,06-06-20,42.4704581,-92.30524729,POINT(-92.30524729 42.4704581),1789,49,0,1740,19013,Black Hawk,
Iowa,US,24-06-20,42.4704581,-92.30524729,POINT(-92.30524729 42.4704581),1919,56,0,1863,19013,Black Hawk,
Iowa,US,24-05-20,42.4704581,-92.30524729,POINT(-92.30524729 42.4704581),1676,39,0,1637,19013,Black Hawk,
Iowa,US,17-05-20,42.4704581,-92.30524729,POINT(-92.30524729 42.4704581),1587,30,0,1557,19013,Black Hawk,
Iowa,US,01-07-20,42.4704581,-92.30524729,POINT(-92.30524729 42.4704581),2130,58,0,2072,19013,Black Hawk,
Iowa,US,11-04-20,42.4704581,-92.30524729,POINT(-92.30524729 42.4704581),41,0,0,0,19013,Black Hawk,
Iowa,US,17-06-20,42.4704581,-92.30524729,POINT(-92.30524729 42.4704581),1843,56,0,1787,19013,Black Hawk,
Iowa,US,06-07-20,42.4704581,-92.30524729,POINT(-92.30524729 42.4704581),2301,58,0,2243,19013,Black Hawk,
Iowa,US,17-04-20,42.4704581,-92.30524729,POINT(-92.30524729 42.4704581),138,1,0,137,19013,Black Hawk,
Iowa,US,05-07-20,42.4704581,-92.30524729,POINT(-92.30524729 42.4704581),2287,58,0,2229,19013,Black Hawk,
Iowa,US,05-05-20,42.4704581,-92.30524729,POINT(-92.30524729 42.4704581),1378,18,0,1360,19013,Black Hawk,
Iowa,US,08-06-20,42.4704581,-92.30524729,POINT(-92.30524729 42.4704581),1801,51,0,1750,19013,Black Hawk,
Iowa,US,14-06-20,42.4704581,-92.30524729,POINT(-92.30524729 42.4704581),1834,53,0,1781,19013,Black Hawk,
Iowa,US,05-06-20,42.4704581,-92.30524729,POINT(-92.30524729 42.4704581),1788,49,0,1739,19013,Black Hawk,
Iowa,US,11-05-20,42.4704581,-92.30524729,POINT(-92.30524729 42.4704581),1512,25,0,1487,19013,Black Hawk,
Iowa,US,27-03-20,42.4704581,-92.30524729,POINT(-92.30524729 42.4704581),7,0,0,0,19013,Black Hawk,
Iowa,US,27-04-20,42.4704581,-92.30524729,POINT(-92.30524729 42.4704581),844,11,0,833,19013,Black Hawk,
Iowa,US,11-06-20,42.4704581,-92.30524729,POINT(-92.30524729 42.4704581),1817,53,0,1764,19013,Black Hawk,
Iowa,US,27-05-20,42.4704581,-92.30524729,POINT(-92.30524729 42.4704581),1713,43,0,1670,19013,Black Hawk,
Iowa,US,03-05-20,42.4704581,-92.30524729,POINT(-92.30524729 42.4704581),1306,15,0,1291,19013,Black Hawk,
Iowa,US,03-04-20,42.4704581,-92.30524729,POINT(-92.30524729 42.4704581),8,0,0,0,19013,Black Hawk,
Iowa,US,20-04-20,42.4704581,-92.30524729,POINT(-92.30524729 42.4704581),259,2,0,257,19013,Black Hawk,
Iowa,US,27-06-20,42.4704581,-92.30524729,POINT(-92.30524729 42.4704581),2008,57,0,1951,19013,Black Hawk,
Iowa,US,20-05-20,42.4704581,-92.30524729,POINT(-92.30524729 42.4704581),1636,36,0,1600,19013,Black Hawk,
Iowa,US,20-06-20,42.4704581,-92.30524729,POINT(-92.30524729 42.4704581),1881,56,0,1825,19013,Black Hawk,
Iowa,US,14-04-20,42.4704581,-92.30524729,POINT(-92.30524729 42.4704581),78,0,0,78,19013,Black Hawk,
Iowa,US,14-05-20,42.4704581,-92.30524729,POINT(-92.30524729 42.4704581),1533,29,0,1504,19013,Black Hawk,
Iowa,US,08-05-20,42.4704581,-92.30524729,POINT(-92.30524729 42.4704581),1463,20,0,1443,19013,Black Hawk,
Iowa,US,03-07-20,42.4704581,-92.30524729,POINT(-92.30524729 42.4704581),2196,58,0,2138,19013,Black Hawk,
Iowa,US,08-04-20,42.4704581,-92.30524729,POINT(-92.30524729 42.4704581),19,0,0,0,19013,Black Hawk,
Iowa,US,03-06-20,42.4704581,-92.30524729,POINT(-92.30524729 42.4704581),1759,46,0,1713,19013,Black Hawk,
Iowa,US,22-05-20,42.4704581,-92.30524729,POINT(-92.30524729 42.4704581),1662,37,0,1625,19013,Black Hawk,
Iowa,US,28-06-20,42.4704581,-92.30524729,POINT(-92.30524729 42.4704581),2059,57,0,2002,19013,Black Hawk,
Iowa,US,22-04-20,42.4704581,-92.30524729,POINT(-92.30524729 42.4704581),379,4,0,375,19013,Black Hawk,
Iowa,US,22-06-20,42.4704581,-92.30524729,POINT(-92.30524729 42.4704581),1897,56,0,1841,19013,Black Hawk,
Iowa,US,22-03-20,42.4704581,-92.30524729,POINT(-92.30524729 42.4704581),3,0,0,0,19013,Black Hawk,
Iowa,US,28-03-20,42.4704581,-92.30524729,POINT(-92.30524729 42.4704581),6,0,0,0,19013,Black Hawk,
Iowa,US,19-06-20,42.4704581,-92.30524729,POINT(-92.30524729 42.4704581),1870,56,0,1814,19013,Black Hawk,
Iowa,US,19-05-20,42.4704581,-92.30524729,POINT(-92.30524729 42.4704581),1628,31,0,1597,19013,Black Hawk,
Iowa,US,31-03-20,42.4704581,-92.30524729,POINT(-92.30524729 42.4704581),7,0,0,0,19013,Black Hawk,
Iowa,US,28-04-20,42.4704581,-92.30524729,POINT(-92.30524729 42.4704581),941,12,0,929,19013,Black Hawk,
Iowa,US,28-05-20,42.4704581,-92.30524729,POINT(-92.30524729 42.4704581),1724,43,0,1681,19013,Black Hawk,
Iowa,US,19-04-20,42.4704581,-92.30524729,POINT(-92.30524729 42.4704581),192,1,0,191,19013,Black Hawk,
Iowa,US,04-05-20,42.4704581,-92.30524729,POINT(-92.30524729 42.4704581),1361,15,0,1346,19013,Black Hawk,
Iowa,US,04-07-20,42.4704581,-92.30524729,POINT(-92.30524729 42.4704581),2252,58,0,2194,19013,Black Hawk,
Iowa,US,04-06-20,42.4704581,-92.30524729,POINT(-92.30524729 42.4704581),1775,48,0,1727,19013,Black Hawk,
Iowa,US,13-06-20,42.4704581,-92.30524729,POINT(-92.30524729 42.4704581),1826,53,0,1773,19013,Black Hawk,
Iowa,US,31-05-20,42.4704581,-92.30524729,POINT(-92.30524729 42.4704581),1746,44,0,1702,19013,Black Hawk,
Iowa,US,13-04-20,42.4704581,-92.30524729,POINT(-92.30524729 42.4704581),62,0,0,62,19013,Black Hawk,
Iowa,US,13-05-20,42.4704581,-92.30524729,POINT(-92.30524729 42.4704581),1528,28,0,1500,19013,Black Hawk,
Iowa,US,04-04-20,42.4704581,-92.30524729,POINT(-92.30524729 42.4704581),10,0,0,0,19013,Black Hawk,
Iowa,US,12-06-20,42.4704581,-92.30524729,POINT(-92.30524729 42.4704581),1824,53,0,1771,19013,Black Hawk,
Iowa,US,12-05-20,42.4704581,-92.30524729,POINT(-92.30524729 42.4704581),1521,28,0,1493,19013,Black Hawk,
Iowa,US,18-04-20,41.89981633,-90.53275096,POINT(-90.53275096 41.89981633),40,0,0,40,19045,Clinton,
Iowa,US,29-04-20,41.89981633,-90.53275096,POINT(-90.53275096 41.89981633),48,1,0,47,19045,Clinton,
Iowa,US,12-04-20,41.89981633,-90.53275096,POINT(-90.53275096 41.89981633),29,0,0,29,19045,Clinton,
Iowa,US,18-05-20,41.89981633,-90.53275096,POINT(-90.53275096 41.89981633),61,1,0,60,19045,Clinton,
Iowa,US,29-03-20,41.89981633,-90.53275096,POINT(-90.53275096 41.89981633),1,0,0,0,19045,Clinton,
Iowa,US,18-06-20,41.89981633,-90.53275096,POINT(-90.53275096 41.89981633),70,1,0,69,19045,Clinton,
Iowa,US,30-06-20,41.89981633,-90.53275096,POINT(-90.53275096 41.89981633),95,1,0,94,19045,Clinton,
Iowa,US,30-05-20,41.89981633,-90.53275096,POINT(-90.53275096 41.89981633),61,1,0,60,19045,Clinton,
Iowa,US,23-06-20,41.89981633,-90.53275096,POINT(-90.53275096 41.89981633),75,1,0,74,19045,Clinton,
Iowa,US,05-04-20,41.89981633,-90.53275096,POINT(-90.53275096 41.89981633),16,0,0,0,19045,Clinton,
Iowa,US,23-05-20,41.89981633,-90.53275096,POINT(-90.53275096 41.89981633),61,1,0,60,19045,Clinton,
Iowa,US,23-04-20,41.89981633,-90.53275096,POINT(-90.53275096 41.89981633),44,0,0,44,19045,Clinton,
Iowa,US,29-05-20,41.89981633,-90.53275096,POINT(-90.53275096 41.89981633),60,1,0,59,19045,Clinton,
Iowa,US,29-06-20,41.89981633,-90.53275096,POINT(-90.53275096 41.89981633),92,1,0,91,19045,Clinton,
Iowa,US,23-03-20,41.89981633,-90.53275096,POINT(-90.53275096 41.89981633),0,0,0,0,19045,Clinton,
Iowa,US,02-07-20,41.89981633,-90.53275096,POINT(-90.53275096 41.89981633),104,1,0,103,19045,Clinton,
Iowa,US,02-06-20,41.89981633,-90.53275096,POINT(-90.53275096 41.89981633),64,1,0,63,19045,Clinton,
Iowa,US,02-05-20,41.89981633,-90.53275096,POINT(-90.53275096 41.89981633),50,1,0,49,19045,Clinton,
Iowa,US,30-03-20,41.89981633,-90.53275096,POINT(-90.53275096 41.89981633),2,0,0,0,19045,Clinton,
Iowa,US,30-04-20,41.89981633,-90.53275096,POINT(-90.53275096 41.89981633),48,1,0,47,19045,Clinton,
Iowa,US,02-04-20,41.89981633,-90.53275096,POINT(-90.53275096 41.89981633),9,0,0,0,19045,Clinton,
Iowa,US,24-03-20,41.89981633,-90.53275096,POINT(-90.53275096 41.89981633),0,0,0,0,19045,Clinton,
Iowa,US,24-04-20,41.89981633,-90.53275096,POINT(-90.53275096 41.89981633),47,0,0,47,19045,Clinton,
Iowa,US,09-04-20,41.89981633,-90.53275096,POINT(-90.53275096 41.89981633),21,0,0,0,19045,Clinton,
Iowa,US,09-05-20,41.89981633,-90.53275096,POINT(-90.53275096 41.89981633),55,1,0,54,19045,Clinton,
Iowa,US,15-06-20,41.89981633,-90.53275096,POINT(-90.53275096 41.89981633),68,1,0,67,19045,Clinton,
Iowa,US,26-03-20,41.89981633,-90.53275096,POINT(-90.53275096 41.89981633),0,0,0,0,19045,Clinton,
Iowa,US,15-04-20,41.89981633,-90.53275096,POINT(-90.53275096 41.89981633),38,0,0,38,19045,Clinton,
Iowa,US,09-06-20,41.89981633,-90.53275096,POINT(-90.53275096 41.89981633),67,1,0,66,19045,Clinton,
Iowa,US,21-04-20,41.89981633,-90.53275096,POINT(-90.53275096 41.89981633),44,0,0,44,19045,Clinton,
Iowa,US,15-05-20,41.89981633,-90.53275096,POINT(-90.53275096 41.89981633),60,1,0,59,19045,Clinton,
Iowa,US,21-05-20,41.89981633,-90.53275096,POINT(-90.53275096 41.89981633),61,1,0,60,19045,Clinton,
Iowa,US,21-06-20,41.89981633,-90.53275096,POINT(-90.53275096 41.89981633),75,1,0,74,19045,Clinton,
Iowa,US,26-04-20,41.89981633,-90.53275096,POINT(-90.53275096 41.89981633),47,1,0,46,19045,Clinton,
Iowa,US,26-06-20,41.89981633,-90.53275096,POINT(-90.53275096 41.89981633),85,1,0,84,19045,Clinton,
Iowa,US,26-05-20,41.89981633,-90.53275096,POINT(-90.53275096 41.89981633),60,1,0,59,19045,Clinton,
Iowa,US,25-06-20,41.89981633,-90.53275096,POINT(-90.53275096 41.89981633),83,1,0,82,19045,Clinton,
Iowa,US,25-04-20,41.89981633,-90.53275096,POINT(-90.53275096 41.89981633),47,0,0,47,19045,Clinton,
Iowa,US,16-04-20,41.89981633,-90.53275096,POINT(-90.53275096 41.89981633),39,0,0,39,19045,Clinton,
Iowa,US,10-05-20,41.89981633,-90.53275096,POINT(-90.53275096 41.89981633),56,1,0,55,19045,Clinton,
Iowa,US,25-05-20,41.89981633,-90.53275096,POINT(-90.53275096 41.89981633),60,1,0,59,19045,Clinton,
Iowa,US,10-06-20,41.89981633,-90.53275096,POINT(-90.53275096 41.89981633),67,1,0,66,19045,Clinton,
Iowa,US,25-03-20,41.89981633,-90.53275096,POINT(-90.53275096 41.89981633),0,0,0,0,19045,Clinton,
Iowa,US,01-06-20,41.89981633,-90.53275096,POINT(-90.53275096 41.89981633),64,1,0,63,19045,Clinton,
Iowa,US,01-05-20,41.89981633,-90.53275096,POINT(-90.53275096 41.89981633),49,1,0,48,19045,Clinton,
Iowa,US,01-04-20,41.89981633,-90.53275096,POINT(-90.53275096 41.89981633),6,0,0,0,19045,Clinton,
Iowa,US,07-04-20,41.89981633,-90.53275096,POINT(-90.53275096 41.89981633),17,0,0,0,19045,Clinton,
Iowa,US,16-06-20,41.89981633,-90.53275096,POINT(-90.53275096 41.89981633),68,1,0,67,19045,Clinton,
Iowa,US,16-05-20,41.89981633,-90.53275096,POINT(-90.53275096 41.89981633),60,1,0,59,19045,Clinton,
Iowa,US,10-04-20,41.89981633,-90.53275096,POINT(-90.53275096 41.89981633),24,0,0,0,19045,Clinton,
Iowa,US,07-05-20,41.89981633,-90.53275096,POINT(-90.53275096 41.89981633),53,1,0,52,19045,Clinton,
Iowa,US,07-06-20,41.89981633,-90.53275096,POINT(-90.53275096 41.89981633),65,1,0,64,19045,Clinton,
Iowa,US,06-04-20,41.89981633,-90.53275096,POINT(-90.53275096 41.89981633),17,0,0,0,19045,Clinton,
Iowa,US,06-05-20,41.89981633,-90.53275096,POINT(-90.53275096 41.89981633),51,1,0,50,19045,Clinton,
Iowa,US,06-06-20,41.89981633,-90.53275096,POINT(-90.53275096 41.89981633),65,1,0,64,19045,Clinton,
Iowa,US,24-06-20,41.89981633,-90.53275096,POINT(-90.53275096 41.89981633),75,1,0,74,19045,Clinton,
Iowa,US,24-05-20,41.89981633,-90.53275096,POINT(-90.53275096 41.89981633),60,1,0,59,19045,Clinton,
Iowa,US,17-05-20,41.89981633,-90.53275096,POINT(-90.53275096 41.89981633),61,1,0,60,19045,Clinton,
Iowa,US,01-07-20,41.89981633,-90.53275096,POINT(-90.53275096 41.89981633),99,1,0,98,19045,Clinton,
Iowa,US,11-04-20,41.89981633,-90.53275096,POINT(-90.53275096 41.89981633),28,0,0,0,19045,Clinton,
Iowa,US,17-06-20,41.89981633,-90.53275096,POINT(-90.53275096 41.89981633),70,1,0,69,19045,Clinton,
Iowa,US,06-07-20,41.89981633,-90.53275096,POINT(-90.53275096 41.89981633),112,1,0,111,19045,Clinton,
Iowa,US,17-04-20,41.89981633,-90.53275096,POINT(-90.53275096 41.89981633),39,0,0,39,19045,Clinton,
Iowa,US,05-07-20,41.89981633,-90.53275096,POINT(-90.53275096 41.89981633),113,1,0,112,19045,Clinton,
Iowa,US,05-05-20,41.89981633,-90.53275096,POINT(-90.53275096 41.89981633),51,1,0,50,19045,Clinton,
Iowa,US,08-06-20,41.89981633,-90.53275096,POINT(-90.53275096 41.89981633),67,1,0,66,19045,Clinton,
Iowa,US,14-06-20,41.89981633,-90.53275096,POINT(-90.53275096 41.89981633),68,1,0,67,19045,Clinton,
Iowa,US,05-06-20,41.89981633,-90.53275096,POINT(-90.53275096 41.89981633),65,1,0,64,19045,Clinton,
Iowa,US,11-05-20,41.89981633,-90.53275096,POINT(-90.53275096 41.89981633),58,1,0,57,19045,Clinton,
Iowa,US,27-03-20,41.89981633,-90.53275096,POINT(-90.53275096 41.89981633),1,0,0,0,19045,Clinton,
Iowa,US,27-04-20,41.89981633,-90.53275096,POINT(-90.53275096 41.89981633),48,1,0,47,19045,Clinton,
Iowa,US,11-06-20,41.89981633,-90.53275096,POINT(-90.53275096 41.89981633),67,1,0,66,19045,Clinton,
Iowa,US,27-05-20,41.89981633,-90.53275096,POINT(-90.53275096 41.89981633),60,1,0,59,19045,Clinton,
Iowa,US,03-05-20,41.89981633,-90.53275096,POINT(-90.53275096 41.89981633),50,1,0,49,19045,Clinton,
Iowa,US,03-04-20,41.89981633,-90.53275096,POINT(-90.53275096 41.89981633),15,0,0,0,19045,Clinton,
Iowa,US,20-04-20,41.89981633,-90.53275096,POINT(-90.53275096 41.89981633),42,0,0,42,19045,Clinton,
Iowa,US,27-06-20,41.89981633,-90.53275096,POINT(-90.53275096 41.89981633),87,1,0,86,19045,Clinton,
Iowa,US,20-05-20,41.89981633,-90.53275096,POINT(-90.53275096 41.89981633),61,1,0,60,19045,Clinton,
Iowa,US,20-06-20,41.89981633,-90.53275096,POINT(-90.53275096 41.89981633),73,1,0,72,19045,Clinton,
Iowa,US,14-04-20,41.89981633,-90.53275096,POINT(-90.53275096 41.89981633),36,0,0,36,19045,Clinton,
Iowa,US,14-05-20,41.89981633,-90.53275096,POINT(-90.53275096 41.89981633),60,1,0,59,19045,Clinton,
Iowa,US,08-05-20,41.89981633,-90.53275096,POINT(-90.53275096 41.89981633),53,1,0,52,19045,Clinton,
Iowa,US,03-07-20,41.89981633,-90.53275096,POINT(-90.53275096 41.89981633),105,1,0,104,19045,Clinton,
Iowa,US,08-04-20,41.89981633,-90.53275096,POINT(-90.53275096 41.89981633),19,0,0,0,19045,Clinton,
Iowa,US,03-06-20,41.89981633,-90.53275096,POINT(-90.53275096 41.89981633),65,1,0,64,19045,Clinton,
Iowa,US,22-05-20,41.89981633,-90.53275096,POINT(-90.53275096 41.89981633),61,1,0,60,19045,Clinton,
Iowa,US,28-06-20,41.89981633,-90.53275096,POINT(-90.53275096 41.89981633),88,1,0,87,19045,Clinton,
Iowa,US,22-04-20,41.89981633,-90.53275096,POINT(-90.53275096 41.89981633),44,0,0,44,19045,Clinton,
Iowa,US,22-06-20,41.89981633,-90.53275096,POINT(-90.53275096 41.89981633),75,1,0,74,19045,Clinton,
Iowa,US,22-03-20,41.89981633,-90.53275096,POINT(-90.53275096 41.89981633),0,0,0,0,19045,Clinton,
Iowa,US,28-03-20,41.89981633,-90.53275096,POINT(-90.53275096 41.89981633),1,0,0,0,19045,Clinton,
Iowa,US,19-06-20,41.89981633,-90.53275096,POINT(-90.53275096 41.89981633),70,1,0,69,19045,Clinton,
Iowa,US,19-05-20,41.89981633,-90.53275096,POINT(-90.53275096 41.89981633),61,1,0,60,19045,Clinton,
Iowa,US,31-03-20,41.89981633,-90.53275096,POINT(-90.53275096 41.89981633),5,0,0,0,19045,Clinton,
Iowa,US,28-04-20,41.89981633,-90.53275096,POINT(-90.53275096 41.89981633),48,1,0,47,19045,Clinton,
Iowa,US,28-05-20,41.89981633,-90.53275096,POINT(-90.53275096 41.89981633),60,1,0,59,19045,Clinton,
Iowa,US,19-04-20,41.89981633,-90.53275096,POINT(-90.53275096 41.89981633),41,0,0,41,19045,Clinton,
Iowa,US,04-05-20,41.89981633,-90.53275096,POINT(-90.53275096 41.89981633),50,1,0,49,19045,Clinton,
Iowa,US,04-07-20,41.89981633,-90.53275096,POINT(-90.53275096 41.89981633),107,1,0,106,19045,Clinton,
Iowa,US,04-06-20,41.89981633,-90.53275096,POINT(-90.53275096 41.89981633),65,1,0,64,19045,Clinton,
Iowa,US,13-06-20,41.89981633,-90.53275096,POINT(-90.53275096 41.89981633),67,1,0,66,19045,Clinton,
Iowa,US,31-05-20,41.89981633,-90.53275096,POINT(-90.53275096 41.89981633),61,1,0,60,19045,Clinton,
Iowa,US,13-04-20,41.89981633,-90.53275096,POINT(-90.53275096 41.89981633),33,0,0,33,19045,Clinton,
Iowa,US,13-05-20,41.89981633,-90.53275096,POINT(-90.53275096 41.89981633),58,1,0,57,19045,Clinton,
Iowa,US,04-04-20,41.89981633,-90.53275096,POINT(-90.53275096 41.89981633),15,0,0,0,19045,Clinton,
Iowa,US,12-06-20,41.89981633,-90.53275096,POINT(-90.53275096 41.89981633),68,1,0,67,19045,Clinton,
Iowa,US,12-05-20,41.89981633,-90.53275096,POINT(-90.53275096 41.89981633),58,1,0,57,19045,Clinton,
Iowa,US,18-04-20,41.33649833,-92.1785067,POINT(-92.1785067 41.33649833),4,0,0,4,19107,Keokuk,
Iowa,US,29-04-20,41.33649833,-92.1785067,POINT(-92.1785067 41.33649833),2,0,0,2,19107,Keokuk,
Iowa,US,12-04-20,41.33649833,-92.1785067,POINT(-92.1785067 41.33649833),2,0,0,2,19107,Keokuk,
Iowa,US,18-05-20,41.33649833,-92.1785067,POINT(-92.1785067 41.33649833),11,0,0,11,19107,Keokuk,
Iowa,US,29-03-20,41.33649833,-92.1785067,POINT(-92.1785067 41.33649833),1,0,0,0,19107,Keokuk,
Iowa,US,18-06-20,41.33649833,-92.1785067,POINT(-92.1785067 41.33649833),16,1,0,15,19107,Keokuk,
Iowa,US,30-06-20,41.33649833,-92.1785067,POINT(-92.1785067 41.33649833),19,1,0,18,19107,Keokuk,
Iowa,US,30-05-20,41.33649833,-92.1785067,POINT(-92.1785067 41.33649833),15,0,0,15,19107,Keokuk,
Iowa,US,23-06-20,41.33649833,-92.1785067,POINT(-92.1785067 41.33649833),17,1,0,16,19107,Keokuk,
Iowa,US,05-04-20,41.33649833,-92.1785067,POINT(-92.1785067 41.33649833),2,0,0,0,19107,Keokuk,
Iowa,US,23-05-20,41.33649833,-92.1785067,POINT(-92.1785067 41.33649833),13,0,0,13,19107,Keokuk,
Iowa,US,23-04-20,41.33649833,-92.1785067,POINT(-92.1785067 41.33649833),3,0,0,3,19107,Keokuk,
Iowa,US,29-05-20,41.33649833,-92.1785067,POINT(-92.1785067 41.33649833),14,0,0,14,19107,Keokuk,
Iowa,US,29-06-20,41.33649833,-92.1785067,POINT(-92.1785067 41.33649833),19,1,0,18,19107,Keokuk,
Iowa,US,23-03-20,41.33649833,-92.1785067,POINT(-92.1785067 41.33649833),0,0,0,0,19107,Keokuk,
Iowa,US,02-07-20,41.33649833,-92.1785067,POINT(-92.1785067 41.33649833),20,1,0,19,19107,Keokuk,
Iowa,US,02-06-20,41.33649833,-92.1785067,POINT(-92.1785067 41.33649833),14,0,0,14,19107,Keokuk,
Iowa,US,02-05-20,41.33649833,-92.1785067,POINT(-92.1785067 41.33649833),3,0,0,3,19107,Keokuk,
Iowa,US,30-03-20,41.33649833,-92.1785067,POINT(-92.1785067 41.33649833),1,0,0,0,19107,Keokuk,
Iowa,US,30-04-20,41.33649833,-92.1785067,POINT(-92.1785067 41.33649833),2,0,0,2,19107,Keokuk,
Iowa,US,02-04-20,41.33649833,-92.1785067,POINT(-92.1785067 41.33649833),1,0,0,0,19107,Keokuk,
Iowa,US,24-03-20,41.33649833,-92.1785067,POINT(-92.1785067 41.33649833),0,0,0,0,19107,Keokuk,
Iowa,US,24-04-20,41.33649833,-92.1785067,POINT(-92.1785067 41.33649833),3,0,0,3,19107,Keokuk,
Iowa,US,09-04-20,41.33649833,-92.1785067,POINT(-92.1785067 41.33649833),2,0,0,0,19107,Keokuk,
Iowa,US,09-05-20,41.33649833,-92.1785067,POINT(-92.1785067 41.33649833),7,0,0,7,19107,Keokuk,
Iowa,US,15-06-20,41.33649833,-92.1785067,POINT(-92.1785067 41.33649833),15,0,0,15,19107,Keokuk,
Iowa,US,26-03-20,41.33649833,-92.1785067,POINT(-92.1785067 41.33649833),0,0,0,0,19107,Keokuk,
Iowa,US,15-04-20,41.33649833,-92.1785067,POINT(-92.1785067 41.33649833),2,0,0,2,19107,Keokuk,
Iowa,US,09-06-20,41.33649833,-92.1785067,POINT(-92.1785067 41.33649833),15,0,0,15,19107,Keokuk,
Iowa,US,21-04-20,41.33649833,-92.1785067,POINT(-92.1785067 41.33649833),3,0,0,3,19107,Keokuk,
Iowa,US,15-05-20,41.33649833,-92.1785067,POINT(-92.1785067 41.33649833),9,0,0,9,19107,Keokuk,
Iowa,US,21-05-20,41.33649833,-92.1785067,POINT(-92.1785067 41.33649833),13,0,0,13,19107,Keokuk,
Iowa,US,21-06-20,41.33649833,-92.1785067,POINT(-92.1785067 41.33649833),16,1,0,15,19107,Keokuk,
Iowa,US,26-04-20,41.33649833,-92.1785067,POINT(-92.1785067 41.33649833),2,0,0,2,19107,Keokuk,
Iowa,US,26-06-20,41.33649833,-92.1785067,POINT(-92.1785067 41.33649833),19,1,0,18,19107,Keokuk,
Iowa,US,26-05-20,41.33649833,-92.1785067,POINT(-92.1785067 41.33649833),14,0,0,14,19107,Keokuk,
Iowa,US,25-06-20,41.33649833,-92.1785067,POINT(-92.1785067 41.33649833),19,1,0,18,19107,Keokuk,
Iowa,US,25-04-20,41.33649833,-92.1785067,POINT(-92.1785067 41.33649833),4,0,0,4,19107,Keokuk,
Iowa,US,16-04-20,41.33649833,-92.1785067,POINT(-92.1785067 41.33649833),2,0,0,2,19107,Keokuk,
Iowa,US,10-05-20,41.33649833,-92.1785067,POINT(-92.1785067 41.33649833),7,0,0,7,19107,Keokuk,
Iowa,US,25-05-20,41.33649833,-92.1785067,POINT(-92.1785067 41.33649833),14,0,0,14,19107,Keokuk,
Iowa,US,10-06-20,41.33649833,-92.1785067,POINT(-92.1785067 41.33649833),15,0,0,15,19107,Keokuk,
Iowa,US,25-03-20,41.33649833,-92.1785067,POINT(-92.1785067 41.33649833),0,0,0,0,19107,Keokuk,
Iowa,US,01-06-20,41.33649833,-92.1785067,POINT(-92.1785067 41.33649833),14,0,0,14,19107,Keokuk,
Iowa,US,01-05-20,41.33649833,-92.1785067,POINT(-92.1785067 41.33649833),3,0,0,3,19107,Keokuk,
Iowa,US,01-04-20,41.33649833,-92.1785067,POINT(-92.1785067 41.33649833),1,0,0,0,19107,Keokuk,
Iowa,US,07-04-20,41.33649833,-92.1785067,POINT(-92.1785067 41.33649833),2,0,0,0,19107,Keokuk,
Iowa,US,16-06-20,41.33649833,-92.1785067,POINT(-92.1785067 41.33649833),16,0,0,16,19107,Keokuk,
Iowa,US,16-05-20,41.33649833,-92.1785067,POINT(-92.1785067 41.33649833),10,0,0,10,19107,Keokuk,
Iowa,US,10-04-20,41.33649833,-92.1785067,POINT(-92.1785067 41.33649833),2,0,0,0,19107,Keokuk,
Iowa,US,07-05-20,41.33649833,-92.1785067,POINT(-92.1785067 41.33649833),6,0,0,6,19107,Keokuk,
Iowa,US,07-06-20,41.33649833,-92.1785067,POINT(-92.1785067 41.33649833),15,0,0,15,19107,Keokuk,
Iowa,US,06-04-20,41.33649833,-92.1785067,POINT(-92.1785067 41.33649833),2,0,0,0,19107,Keokuk,
Iowa,US,06-05-20,41.33649833,-92.1785067,POINT(-92.1785067 41.33649833),3,0,0,3,19107,Keokuk,
Iowa,US,06-06-20,41.33649833,-92.1785067,POINT(-92.1785067 41.33649833),15,0,0,15,19107,Keokuk,
Iowa,US,24-06-20,41.33649833,-92.1785067,POINT(-92.1785067 41.33649833),17,1,0,16,19107,Keokuk,
Iowa,US,24-05-20,41.33649833,-92.1785067,POINT(-92.1785067 41.33649833),13,0,0,13,19107,Keokuk,
Iowa,US,17-05-20,41.33649833,-92.1785067,POINT(-92.1785067 41.33649833),11,0,0,11,19107,Keokuk,
Iowa,US,01-07-20,41.33649833,-92.1785067,POINT(-92.1785067 41.33649833),19,1,0,18,19107,Keokuk,
Iowa,US,11-04-20,41.33649833,-92.1785067,POINT(-92.1785067 41.33649833),2,0,0,0,19107,Keokuk,
Iowa,US,17-06-20,41.33649833,-92.1785067,POINT(-92.1785067 41.33649833),16,1,0,15,19107,Keokuk,
Iowa,US,06-07-20,41.33649833,-92.1785067,POINT(-92.1785067 41.33649833),21,1,0,20,19107,Keokuk,
Iowa,US,17-04-20,41.33649833,-92.1785067,POINT(-92.1785067 41.33649833),2,0,0,2,19107,Keokuk,
Iowa,US,05-07-20,41.33649833,-92.1785067,POINT(-92.1785067 41.33649833),21,1,0,20,19107,Keokuk,
Iowa,US,05-05-20,41.33649833,-92.1785067,POINT(-92.1785067 41.33649833),3,0,0,3,19107,Keokuk,
Iowa,US,08-06-20,41.33649833,-92.1785067,POINT(-92.1785067 41.33649833),15,0,0,15,19107,Keokuk,
Iowa,US,14-06-20,41.33649833,-92.1785067,POINT(-92.1785067 41.33649833),15,0,0,15,19107,Keokuk,
Iowa,US,05-06-20,41.33649833,-92.1785067,POINT(-92.1785067 41.33649833),14,0,0,14,19107,Keokuk,
Iowa,US,11-05-20,41.33649833,-92.1785067,POINT(-92.1785067 41.33649833),9,0,0,9,19107,Keokuk,
Iowa,US,27-03-20,41.33649833,-92.1785067,POINT(-92.1785067 41.33649833),0,0,0,0,19107,Keokuk,
Iowa,US,27-04-20,41.33649833,-92.1785067,POINT(-92.1785067 41.33649833),2,0,0,2,19107,Keokuk,
Iowa,US,11-06-20,41.33649833,-92.1785067,POINT(-92.1785067 41.33649833),16,0,0,16,19107,Keokuk,
Iowa,US,27-05-20,41.33649833,-92.1785067,POINT(-92.1785067 41.33649833),14,0,0,14,19107,Keokuk,
Iowa,US,03-05-20,41.33649833,-92.1785067,POINT(-92.1785067 41.33649833),3,0,0,3,19107,Keokuk,
Iowa,US,03-04-20,41.33649833,-92.1785067,POINT(-92.1785067 41.33649833),1,0,0,0,19107,Keokuk,
Iowa,US,20-04-20,41.33649833,-92.1785067,POINT(-92.1785067 41.33649833),3,0,0,3,19107,Keokuk,
Iowa,US,27-06-20,41.33649833,-92.1785067,POINT(-92.1785067 41.33649833),19,1,0,18,19107,Keokuk,
Iowa,US,20-05-20,41.33649833,-92.1785067,POINT(-92.1785067 41.33649833),13,0,0,13,19107,Keokuk,
Iowa,US,20-06-20,41.33649833,-92.1785067,POINT(-92.1785067 41.33649833),16,1,0,15,19107,Keokuk,
Iowa,US,14-04-20,41.33649833,-92.1785067,POINT(-92.1785067 41.33649833),2,0,0,2,19107,Keokuk,
Iowa,US,14-05-20,41.33649833,-92.1785067,POINT(-92.1785067 41.33649833),9,0,0,9,19107,Keokuk,
Iowa,US,08-05-20,41.33649833,-92.1785067,POINT(-92.1785067 41.33649833),7,0,0,7,19107,Keokuk,
Iowa,US,03-07-20,41.33649833,-92.1785067,POINT(-92.1785067 41.33649833),20,1,0,19,19107,Keokuk,
Iowa,US,08-04-20,41.33649833,-92.1785067,POINT(-92.1785067 41.33649833),2,0,0,0,19107,Keokuk,
Iowa,US,03-06-20,41.33649833,-92.1785067,POINT(-92.1785067 41.33649833),14,0,0,14,19107,Keokuk,
Iowa,US,22-05-20,41.33649833,-92.1785067,POINT(-92.1785067 41.33649833),13,0,0,13,19107,Keokuk,
Iowa,US,28-06-20,41.33649833,-92.1785067,POINT(-92.1785067 41.33649833),19,1,0,18,19107,Keokuk,
Iowa,US,22-04-20,41.33649833,-92.1785067,POINT(-92.1785067 41.33649833),3,0,0,3,19107,Keokuk,
Iowa,US,22-06-20,41.33649833,-92.1785067,POINT(-92.1785067 41.33649833),16,1,0,15,19107,Keokuk,
Iowa,US,22-03-20,41.33649833,-92.1785067,POINT(-92.1785067 41.33649833),0,0,0,0,19107,Keokuk,
Iowa,US,28-03-20,41.33649833,-92.1785067,POINT(-92.1785067 41.33649833),1,0,0,0,19107,Keokuk,
Iowa,US,19-06-20,41.33649833,-92.1785067,POINT(-92.1785067 41.33649833),16,1,0,15,19107,Keokuk,
Iowa,US,19-05-20,41.33649833,-92.1785067,POINT(-92.1785067 41.33649833),12,0,0,12,19107,Keokuk,
Iowa,US,31-03-20,41.33649833,-92.1785067,POINT(-92.1785067 41.33649833),2,0,0,0,19107,Keokuk,
Iowa,US,28-04-20,41.33649833,-92.1785067,POINT(-92.1785067 41.33649833),2,0,0,2,19107,Keokuk,
Iowa,US,28-05-20,41.33649833,-92.1785067,POINT(-92.1785067 41.33649833),14,0,0,14,19107,Keokuk,
Iowa,US,19-04-20,41.33649833,-92.1785067,POINT(-92.1785067 41.33649833),3,0,0,3,19107,Keokuk,
Iowa,US,04-05-20,41.33649833,-92.1785067,POINT(-92.1785067 41.33649833),3,0,0,3,19107,Keokuk,
Iowa,US,04-07-20,41.33649833,-92.1785067,POINT(-92.1785067 41.33649833),20,1,0,19,19107,Keokuk,
Iowa,US,04-06-20,41.33649833,-92.1785067,POINT(-92.1785067 41.33649833),14,0,0,14,19107,Keokuk,
Iowa,US,13-06-20,41.33649833,-92.1785067,POINT(-92.1785067 41.33649833),15,0,0,15,19107,Keokuk,
Iowa,US,31-05-20,41.33649833,-92.1785067,POINT(-92.1785067 41.33649833),15,0,0,15,19107,Keokuk,
Iowa,US,13-04-20,41.33649833,-92.1785067,POINT(-92.1785067 41.33649833),2,0,0,2,19107,Keokuk,
Iowa,US,13-05-20,41.33649833,-92.1785067,POINT(-92.1785067 41.33649833),9,0,0,9,19107,Keokuk,
Iowa,US,04-04-20,41.33649833,-92.1785067,POINT(-92.1785067 41.33649833),2,0,0,0,19107,Keokuk,
Iowa,US,12-06-20,41.33649833,-92.1785067,POINT(-92.1785067 41.33649833),15,0,0,15,19107,Keokuk,
Iowa,US,12-05-20,41.33649833,-92.1785067,POINT(-92.1785067 41.33649833),9,0,0,9,19107,Keokuk,
Iowa,US,18-05-20,40.73742757,-93.78645949,POINT(-93.78645949 40.73742757),0,0,0,0,19053,Decatur,
Iowa,US,29-03-20,40.73742757,-93.78645949,POINT(-93.78645949 40.73742757),0,0,0,0,19053,Decatur,
Iowa,US,18-06-20,40.73742757,-93.78645949,POINT(-93.78645949 40.73742757),8,0,0,8,19053,Decatur,
Iowa,US,30-06-20,40.73742757,-93.78645949,POINT(-93.78645949 40.73742757),10,0,0,10,19053,Decatur,
Iowa,US,30-05-20,40.73742757,-93.78645949,POINT(-93.78645949 40.73742757),1,0,0,1,19053,Decatur,
Iowa,US,23-06-20,40.73742757,-93.78645949,POINT(-93.78645949 40.73742757),9,0,0,9,19053,Decatur,
Iowa,US,23-05-20,40.73742757,-93.78645949,POINT(-93.78645949 40.73742757),1,0,0,1,19053,Decatur,
Iowa,US,29-05-20,40.73742757,-93.78645949,POINT(-93.78645949 40.73742757),1,0,0,1,19053,Decatur,
Iowa,US,29-06-20,40.73742757,-93.78645949,POINT(-93.78645949 40.73742757),9,0,0,9,19053,Decatur,
Iowa,US,23-03-20,40.73742757,-93.78645949,POINT(-93.78645949 40.73742757),0,0,0,0,19053,Decatur,
Iowa,US,02-07-20,40.73742757,-93.78645949,POINT(-93.78645949 40.73742757),11,0,0,11,19053,Decatur,
Iowa,US,02-06-20,40.73742757,-93.78645949,POINT(-93.78645949 40.73742757),1,0,0,1,19053,Decatur,
Iowa,US,02-05-20,40.73742757,-93.78645949,POINT(-93.78645949 40.73742757),1,0,0,1,19053,Decatur,
Iowa,US,30-03-20,40.73742757,-93.78645949,POINT(-93.78645949 40.73742757),0,0,0,0,19053,Decatur,
Iowa,US,24-03-20,40.73742757,-93.78645949,POINT(-93.78645949 40.73742757),0,0,0,0,19053,Decatur,
Iowa,US,09-05-20,40.73742757,-93.78645949,POINT(-93.78645949 40.73742757),0,0,0,0,19053,Decatur,
Iowa,US,15-06-20,40.73742757,-93.78645949,POINT(-93.78645949 40.73742757),7,0,0,7,19053,Decatur,
Iowa,US,26-03-20,40.73742757,-93.78645949,POINT(-93.78645949 40.73742757),0,0,0,0,19053,Decatur,
Iowa,US,09-06-20,40.73742757,-93.78645949,POINT(-93.78645949 40.73742757),3,0,0,3,19053,Decatur,
Iowa,US,15-05-20,40.73742757,-93.78645949,POINT(-93.78645949 40.73742757),0,0,0,0,19053,Decatur,
Iowa,US,21-05-20,40.73742757,-93.78645949,POINT(-93.78645949 40.73742757),0,0,0,0,19053,Decatur,
Iowa,US,21-06-20,40.73742757,-93.78645949,POINT(-93.78645949 40.73742757),9,0,0,9,19053,Decatur,
Iowa,US,26-06-20,40.73742757,-93.78645949,POINT(-93.78645949 40.73742757),9,0,0,9,19053,Decatur,
Iowa,US,26-05-20,40.73742757,-93.78645949,POINT(-93.78645949 40.73742757),0,0,0,0,19053,Decatur,
Iowa,US,25-06-20,40.73742757,-93.78645949,POINT(-93.78645949 40.73742757),9,0,0,9,19053,Decatur,
Iowa,US,10-05-20,40.73742757,-93.78645949,POINT(-93.78645949 40.73742757),0,0,0,0,19053,Decatur,
Iowa,US,25-05-20,40.73742757,-93.78645949,POINT(-93.78645949 40.73742757),0,0,0,0,19053,Decatur,
Iowa,US,10-06-20,40.73742757,-93.78645949,POINT(-93.78645949 40.73742757),3,0,0,3,19053,Decatur,
Iowa,US,25-03-20,40.73742757,-93.78645949,POINT(-93.78645949 40.73742757),0,0,0,0,19053,Decatur,
Iowa,US,01-06-20,40.73742757,-93.78645949,POINT(-93.78645949 40.73742757),1,0,0,1,19053,Decatur,
Iowa,US,01-05-20,40.73742757,-93.78645949,POINT(-93.78645949 40.73742757),1,0,0,1,19053,Decatur,
Iowa,US,16-06-20,40.73742757,-93.78645949,POINT(-93.78645949 40.73742757),9,0,0,9,19053,Decatur,
Iowa,US,16-05-20,40.73742757,-93.78645949,POINT(-93.78645949 40.73742757),0,0,0,0,19053,Decatur,
Iowa,US,07-05-20,40.73742757,-93.78645949,POINT(-93.78645949 40.73742757),0,0,0,0,19053,Decatur,
Iowa,US,07-06-20,40.73742757,-93.78645949,POINT(-93.78645949 40.73742757),2,0,0,2,19053,Decatur,
Iowa,US,06-05-20,40.73742757,-93.78645949,POINT(-93.78645949 40.73742757),0,0,0,0,19053,Decatur,
Iowa,US,06-06-20,40.73742757,-93.78645949,POINT(-93.78645949 40.73742757),2,0,0,2,19053,Decatur,
Iowa,US,24-06-20,40.73742757,-93.78645949,POINT(-93.78645949 40.73742757),9,0,0,9,19053,Decatur,
Iowa,US,24-05-20,40.73742757,-93.78645949,POINT(-93.78645949 40.73742757),0,0,0,0,19053,Decatur,
Iowa,US,17-05-20,40.73742757,-93.78645949,POINT(-93.78645949 40.73742757),0,0,0,0,19053,Decatur,
Iowa,US,01-07-20,40.73742757,-93.78645949,POINT(-93.78645949 40.73742757),10,0,0,10,19053,Decatur,
Iowa,US,17-06-20,40.73742757,-93.78645949,POINT(-93.78645949 40.73742757),8,0,0,8,19053,Decatur,
Iowa,US,06-07-20,40.73742757,-93.78645949,POINT(-93.78645949 40.73742757),12,0,0,12,19053,Decatur,
Iowa,US,05-07-20,40.73742757,-93.78645949,POINT(-93.78645949 40.73742757),11,0,0,11,19053,Decatur,
Iowa,US,05-05-20,40.73742757,-93.78645949,POINT(-93.78645949 40.73742757),0,0,0,0,19053,Decatur,
Iowa,US,08-06-20,40.73742757,-93.78645949,POINT(-93.78645949 40.73742757),3,0,0,3,19053,Decatur,
Iowa,US,14-06-20,40.73742757,-93.78645949,POINT(-93.78645949 40.73742757),4,0,0,4,19053,Decatur,
Iowa,US,05-06-20,40.73742757,-93.78645949,POINT(-93.78645949 40.73742757),1,0,0,1,19053,Decatur,
Iowa,US,11-05-20,40.73742757,-93.78645949,POINT(-93.78645949 40.73742757),0,0,0,0,19053,Decatur,
Iowa,US,27-03-20,40.73742757,-93.78645949,POINT(-93.78645949 40.73742757),0,0,0,0,19053,Decatur,
Iowa,US,11-06-20,40.73742757,-93.78645949,POINT(-93.78645949 40.73742757),3,0,0,3,19053,Decatur,
Iowa,US,27-05-20,40.73742757,-93.78645949,POINT(-93.78645949 40.73742757),1,0,0,1,19053,Decatur,
Iowa,US,03-05-20,40.73742757,-93.78645949,POINT(-93.78645949 40.73742757),1,0,0,1,19053,Decatur,
Iowa,US,27-06-20,40.73742757,-93.78645949,POINT(-93.78645949 40.73742757),9,0,0,9,19053,Decatur,
Iowa,US,20-05-20,40.73742757,-93.78645949,POINT(-93.78645949 40.73742757),0,0,0,0,19053,Decatur,
Iowa,US,20-06-20,40.73742757,-93.78645949,POINT(-93.78645949 40.73742757),9,0,0,9,19053,Decatur,
Iowa,US,14-05-20,40.73742757,-93.78645949,POINT(-93.78645949 40.73742757),0,0,0,0,19053,Decatur,
Iowa,US,08-05-20,40.73742757,-93.78645949,POINT(-93.78645949 40.73742757),0,0,0,0,19053,Decatur,
Iowa,US,03-07-20,40.73742757,-93.78645949,POINT(-93.78645949 40.73742757),11,0,0,11,19053,Decatur,
Iowa,US,03-06-20,40.73742757,-93.78645949,POINT(-93.78645949 40.73742757),1,0,0,1,19053,Decatur,
Iowa,US,22-05-20,40.73742757,-93.78645949,POINT(-93.78645949 40.73742757),0,0,0,0,19053,Decatur,
Iowa,US,28-06-20,40.73742757,-93.78645949,POINT(-93.78645949 40.73742757),9,0,0,9,19053,Decatur,
Iowa,US,22-06-20,40.73742757,-93.78645949,POINT(-93.78645949 40.73742757),9,0,0,9,19053,Decatur,
Iowa,US,22-03-20,40.73742757,-93.78645949,POINT(-93.78645949 40.73742757),0,0,0,0,19053,Decatur,
Iowa,US,28-03-20,40.73742757,-93.78645949,POINT(-93.78645949 40.73742757),0,0,0,0,19053,Decatur,
Iowa,US,19-06-20,40.73742757,-93.78645949,POINT(-93.78645949 40.73742757),9,0,0,9,19053,Decatur,
Iowa,US,19-05-20,40.73742757,-93.78645949,POINT(-93.78645949 40.73742757),0,0,0,0,19053,Decatur,
Iowa,US,28-05-20,40.73742757,-93.78645949,POINT(-93.78645949 40.73742757),1,0,0,1,19053,Decatur,
Iowa,US,04-05-20,40.73742757,-93.78645949,POINT(-93.78645949 40.73742757),0,0,0,0,19053,Decatur,
Iowa,US,04-07-20,40.73742757,-93.78645949,POINT(-93.78645949 40.73742757),11,0,0,11,19053,Decatur,
Iowa,US,04-06-20,40.73742757,-93.78645949,POINT(-93.78645949 40.73742757),1,0,0,1,19053,Decatur,
Iowa,US,13-06-20,40.73742757,-93.78645949,POINT(-93.78645949 40.73742757),4,0,0,4,19053,Decatur,
Iowa,US,31-05-20,40.73742757,-93.78645949,POINT(-93.78645949 40.73742757),1,0,0,1,19053,Decatur,
Iowa,US,13-05-20,40.73742757,-93.78645949,POINT(-93.78645949 40.73742757),0,0,0,0,19053,Decatur,
Iowa,US,12-06-20,40.73742757,-93.78645949,POINT(-93.78645949 40.73742757),4,0,0,4,19053,Decatur,
Iowa,US,12-05-20,40.73742757,-93.78645949,POINT(-93.78645949 40.73742757),0,0,0,0,19053,Decatur,
Iowa,US,29-04-20,43.08221074,-96.1767568,POINT(-96.1767568 43.08221074),8,0,0,8,19167,Sioux,
Iowa,US,30-06-20,43.08221074,-96.1767568,POINT(-96.1767568 43.08221074),455,0,0,455,19167,Sioux,
Iowa,US,23-06-20,43.08221074,-96.1767568,POINT(-96.1767568 43.08221074),423,0,0,423,19167,Sioux,
Iowa,US,05-04-20,43.08221074,-96.1767568,POINT(-96.1767568 43.08221074),7,0,0,0,19167,Sioux,
Iowa,US,23-03-20,43.08221074,-96.1767568,POINT(-96.1767568 43.08221074),1,0,0,0,19167,Sioux,
Iowa,US,02-05-20,43.08221074,-96.1767568,POINT(-96.1767568 43.08221074),11,0,0,11,19167,Sioux,
Iowa,US,30-04-20,43.08221074,-96.1767568,POINT(-96.1767568 43.08221074),9,0,0,9,19167,Sioux,
Iowa,US,24-03-20,43.08221074,-96.1767568,POINT(-96.1767568 43.08221074),1,0,0,0,19167,Sioux,
Iowa,US,09-04-20,43.08221074,-96.1767568,POINT(-96.1767568 43.08221074),7,0,0,0,19167,Sioux,
Iowa,US,26-03-20,43.08221074,-96.1767568,POINT(-96.1767568 43.08221074),2,0,0,0,19167,Sioux,
Iowa,US,15-04-20,43.08221074,-96.1767568,POINT(-96.1767568 43.08221074),7,0,0,7,19167,Sioux,
Iowa,US,09-06-20,43.08221074,-96.1767568,POINT(-96.1767568 43.08221074),323,0,0,323,19167,Sioux,
Iowa,US,21-06-20,43.08221074,-96.1767568,POINT(-96.1767568 43.08221074),419,0,0,419,19167,Sioux,
Iowa,US,26-06-20,43.08221074,-96.1767568,POINT(-96.1767568 43.08221074),440,0,0,440,19167,Sioux,
Iowa,US,25-06-20,43.08221074,-96.1767568,POINT(-96.1767568 43.08221074),435,0,0,435,19167,Sioux,
Iowa,US,16-04-20,43.08221074,-96.1767568,POINT(-96.1767568 43.08221074),7,0,0,7,19167,Sioux,
Iowa,US,10-06-20,43.08221074,-96.1767568,POINT(-96.1767568 43.08221074),332,0,0,332,19167,Sioux,
Iowa,US,25-03-20,43.08221074,-96.1767568,POINT(-96.1767568 43.08221074),1,0,0,0,19167,Sioux,
Iowa,US,01-05-20,43.08221074,-96.1767568,POINT(-96.1767568 43.08221074),11,0,0,11,19167,Sioux,
Iowa,US,01-04-20,43.08221074,-96.1767568,POINT(-96.1767568 43.08221074),4,0,0,0,19167,Sioux,
Iowa,US,07-04-20,43.08221074,-96.1767568,POINT(-96.1767568 43.08221074),7,0,0,0,19167,Sioux,
Iowa,US,10-04-20,43.08221074,-96.1767568,POINT(-96.1767568 43.08221074),7,0,0,0,19167,Sioux,
Iowa,US,07-05-20,43.08221074,-96.1767568,POINT(-96.1767568 43.08221074),31,0,0,31,19167,Sioux,
Iowa,US,06-05-20,43.08221074,-96.1767568,POINT(-96.1767568 43.08221074),25,0,0,25,19167,Sioux,
Iowa,US,01-07-20,43.08221074,-96.1767568,POINT(-96.1767568 43.08221074),457,0,0,457,19167,Sioux,
Iowa,US,11-04-20,43.08221074,-96.1767568,POINT(-96.1767568 43.08221074),7,0,0,0,19167,Sioux,
Iowa,US,06-07-20,43.08221074,-96.1767568,POINT(-96.1767568 43.08221074),477,0,0,477,19167,Sioux,
Iowa,US,17-04-20,43.08221074,-96.1767568,POINT(-96.1767568 43.08221074),7,0,0,7,19167,Sioux,
Iowa,US,05-07-20,43.08221074,-96.1767568,POINT(-96.1767568 43.08221074),472,0,0,472,19167,Sioux,
Iowa,US,05-05-20,43.08221074,-96.1767568,POINT(-96.1767568 43.08221074),24,0,0,24,19167,Sioux,
Iowa,US,27-03-20,43.08221074,-96.1767568,POINT(-96.1767568 43.08221074),2,0,0,0,19167,Sioux,
Iowa,US,11-06-20,43.08221074,-96.1767568,POINT(-96.1767568 43.08221074),341,0,0,341,19167,Sioux,
Iowa,US,03-05-20,43.08221074,-96.1767568,POINT(-96.1767568 43.08221074),17,0,0,17,19167,Sioux,
Iowa,US,03-04-20,43.08221074,-96.1767568,POINT(-96.1767568 43.08221074),5,0,0,0,19167,Sioux,
Iowa,US,27-06-20,43.08221074,-96.1767568,POINT(-96.1767568 43.08221074),445,0,0,445,19167,Sioux,
Iowa,US,20-06-20,43.08221074,-96.1767568,POINT(-96.1767568 43.08221074),409,0,0,409,19167,Sioux,
Iowa,US,14-04-20,43.08221074,-96.1767568,POINT(-96.1767568 43.08221074),7,0,0,7,19167,Sioux,
Iowa,US,03-07-20,43.08221074,-96.1767568,POINT(-96.1767568 43.08221074),460,0,0,460,19167,Sioux,
Iowa,US,08-04-20,43.08221074,-96.1767568,POINT(-96.1767568 43.08221074),7,0,0,0,19167,Sioux,
Iowa,US,28-06-20,43.08221074,-96.1767568,POINT(-96.1767568 43.08221074),445,0,0,445,19167,Sioux,
Iowa,US,19-06-20,43.08221074,-96.1767568,POINT(-96.1767568 43.08221074),408,0,0,408,19167,Sioux,
Iowa,US,31-03-20,43.08221074,-96.1767568,POINT(-96.1767568 43.08221074),3,0,0,0,19167,Sioux,
Iowa,US,04-05-20,43.08221074,-96.1767568,POINT(-96.1767568 43.08221074),23,0,0,23,19167,Sioux,
Iowa,US,04-07-20,43.08221074,-96.1767568,POINT(-96.1767568 43.08221074),463,0,0,463,19167,Sioux,
Iowa,US,13-04-20,43.08221074,-96.1767568,POINT(-96.1767568 43.08221074),7,0,0,7,19167,Sioux,
Iowa,US,18-04-20,43.08221074,-96.1767568,POINT(-96.1767568 43.08221074),7,0,0,7,19167,Sioux,
Iowa,US,12-04-20,43.08221074,-96.1767568,POINT(-96.1767568 43.08221074),7,0,0,7,19167,Sioux,
Iowa,US,18-05-20,43.08221074,-96.1767568,POINT(-96.1767568 43.08221074),139,0,0,139,19167,Sioux,
Iowa,US,29-03-20,43.08221074,-96.1767568,POINT(-96.1767568 43.08221074),2,0,0,0,19167,Sioux,
Iowa,US,18-06-20,43.08221074,-96.1767568,POINT(-96.1767568 43.08221074),372,0,0,372,19167,Sioux,
Iowa,US,30-05-20,43.08221074,-96.1767568,POINT(-96.1767568 43.08221074),219,0,0,219,19167,Sioux,
Iowa,US,23-05-20,43.08221074,-96.1767568,POINT(-96.1767568 43.08221074),194,0,0,194,19167,Sioux,
Iowa,US,23-04-20,43.08221074,-96.1767568,POINT(-96.1767568 43.08221074),7,0,0,7,19167,Sioux,
Iowa,US,29-05-20,43.08221074,-96.1767568,POINT(-96.1767568 43.08221074),214,0,0,214,19167,Sioux,
Iowa,US,29-06-20,43.08221074,-96.1767568,POINT(-96.1767568 43.08221074),449,0,0,449,19167,Sioux,
Iowa,US,02-07-20,43.08221074,-96.1767568,POINT(-96.1767568 43.08221074),461,0,0,461,19167,Sioux,
Iowa,US,02-06-20,43.08221074,-96.1767568,POINT(-96.1767568 43.08221074),287,0,0,287,19167,Sioux,
Iowa,US,30-03-20,43.08221074,-96.1767568,POINT(-96.1767568 43.08221074),2,0,0,0,19167,Sioux,
Iowa,US,02-04-20,43.08221074,-96.1767568,POINT(-96.1767568 43.08221074),4,0,0,0,19167,Sioux,
Iowa,US,24-04-20,43.08221074,-96.1767568,POINT(-96.1767568 43.08221074),7,0,0,7,19167,Sioux,
Iowa,US,09-05-20,43.08221074,-96.1767568,POINT(-96.1767568 43.08221074),42,0,0,42,19167,Sioux,
Iowa,US,15-06-20,43.08221074,-96.1767568,POINT(-96.1767568 43.08221074),359,0,0,359,19167,Sioux,
Iowa,US,21-04-20,43.08221074,-96.1767568,POINT(-96.1767568 43.08221074),7,0,0,7,19167,Sioux,
Iowa,US,15-05-20,43.08221074,-96.1767568,POINT(-96.1767568 43.08221074),126,0,0,126,19167,Sioux,
Iowa,US,21-05-20,43.08221074,-96.1767568,POINT(-96.1767568 43.08221074),181,0,0,181,19167,Sioux,
Iowa,US,26-04-20,43.08221074,-96.1767568,POINT(-96.1767568 43.08221074),7,0,0,7,19167,Sioux,
Iowa,US,26-05-20,43.08221074,-96.1767568,POINT(-96.1767568 43.08221074),204,0,0,204,19167,Sioux,
Iowa,US,25-04-20,43.08221074,-96.1767568,POINT(-96.1767568 43.08221074),7,0,0,7,19167,Sioux,
Iowa,US,10-05-20,43.08221074,-96.1767568,POINT(-96.1767568 43.08221074),84,0,0,84,19167,Sioux,
Iowa,US,25-05-20,43.08221074,-96.1767568,POINT(-96.1767568 43.08221074),207,0,0,207,19167,Sioux,
Iowa,US,01-06-20,43.08221074,-96.1767568,POINT(-96.1767568 43.08221074),283,0,0,283,19167,Sioux,
Iowa,US,16-06-20,43.08221074,-96.1767568,POINT(-96.1767568 43.08221074),362,0,0,362,19167,Sioux,
Iowa,US,16-05-20,43.08221074,-96.1767568,POINT(-96.1767568 43.08221074),131,0,0,131,19167,Sioux,
Iowa,US,07-06-20,43.08221074,-96.1767568,POINT(-96.1767568 43.08221074),319,0,0,319,19167,Sioux,
Iowa,US,06-04-20,43.08221074,-96.1767568,POINT(-96.1767568 43.08221074),7,0,0,0,19167,Sioux,
Iowa,US,06-06-20,43.08221074,-96.1767568,POINT(-96.1767568 43.08221074),311,0,0,311,19167,Sioux,
Iowa,US,24-06-20,43.08221074,-96.1767568,POINT(-96.1767568 43.08221074),423,0,0,423,19167,Sioux,
Iowa,US,24-05-20,43.08221074,-96.1767568,POINT(-96.1767568 43.08221074),199,0,0,199,19167,Sioux,
Iowa,US,17-05-20,43.08221074,-96.1767568,POINT(-96.1767568 43.08221074),135,0,0,135,19167,Sioux,
Iowa,US,17-06-20,43.08221074,-96.1767568,POINT(-96.1767568 43.08221074),362,0,0,362,19167,Sioux,
Iowa,US,08-06-20,43.08221074,-96.1767568,POINT(-96.1767568 43.08221074),321,0,0,321,19167,Sioux,
Iowa,US,14-06-20,43.08221074,-96.1767568,POINT(-96.1767568 43.08221074),355,0,0,355,19167,Sioux,
Iowa,US,05-06-20,43.08221074,-96.1767568,POINT(-96.1767568 43.08221074),306,0,0,306,19167,Sioux,
Iowa,US,11-05-20,43.08221074,-96.1767568,POINT(-96.1767568 43.08221074),93,0,0,93,19167,Sioux,
Iowa,US,27-04-20,43.08221074,-96.1767568,POINT(-96.1767568 43.08221074),7,0,0,7,19167,Sioux,
Iowa,US,27-05-20,43.08221074,-96.1767568,POINT(-96.1767568 43.08221074),210,0,0,210,19167,Sioux,
Iowa,US,20-04-20,43.08221074,-96.1767568,POINT(-96.1767568 43.08221074),7,0,0,7,19167,Sioux,
Iowa,US,20-05-20,43.08221074,-96.1767568,POINT(-96.1767568 43.08221074),159,0,0,159,19167,Sioux,
Iowa,US,14-05-20,43.08221074,-96.1767568,POINT(-96.1767568 43.08221074),111,0,0,111,19167,Sioux,
Iowa,US,08-05-20,43.08221074,-96.1767568,POINT(-96.1767568 43.08221074),37,0,0,37,19167,Sioux,
Iowa,US,03-06-20,43.08221074,-96.1767568,POINT(-96.1767568 43.08221074),290,0,0,290,19167,Sioux,
Iowa,US,22-05-20,43.08221074,-96.1767568,POINT(-96.1767568 43.08221074),188,0,0,188,19167,Sioux,
Iowa,US,22-04-20,43.08221074,-96.1767568,POINT(-96.1767568 43.08221074),7,0,0,7,19167,Sioux,
Iowa,US,22-06-20,43.08221074,-96.1767568,POINT(-96.1767568 43.08221074),422,0,0,422,19167,Sioux,
Iowa,US,22-03-20,43.08221074,-96.1767568,POINT(-96.1767568 43.08221074),1,0,0,0,19167,Sioux,
Iowa,US,28-03-20,43.08221074,-96.1767568,POINT(-96.1767568 43.08221074),2,0,0,0,19167,Sioux,
Iowa,US,19-05-20,43.08221074,-96.1767568,POINT(-96.1767568 43.08221074),146,0,0,146,19167,Sioux,
Iowa,US,28-04-20,43.08221074,-96.1767568,POINT(-96.1767568 43.08221074),8,0,0,8,19167,Sioux,
Iowa,US,28-05-20,43.08221074,-96.1767568,POINT(-96.1767568 43.08221074),213,0,0,213,19167,Sioux,
Iowa,US,19-04-20,43.08221074,-96.1767568,POINT(-96.1767568 43.08221074),7,0,0,7,19167,Sioux,
Iowa,US,04-06-20,43.08221074,-96.1767568,POINT(-96.1767568 43.08221074),298,0,0,298,19167,Sioux,
Iowa,US,13-06-20,43.08221074,-96.1767568,POINT(-96.1767568 43.08221074),354,0,0,354,19167,Sioux,
Iowa,US,31-05-20,43.08221074,-96.1767568,POINT(-96.1767568 43.08221074),275,0,0,275,19167,Sioux,
Iowa,US,13-05-20,43.08221074,-96.1767568,POINT(-96.1767568 43.08221074),103,0,0,103,19167,Sioux,
Iowa,US,04-04-20,43.08221074,-96.1767568,POINT(-96.1767568 43.08221074),7,0,0,0,19167,Sioux,
Iowa,US,12-06-20,43.08221074,-96.1767568,POINT(-96.1767568 43.08221074),349,0,0,349,19167,Sioux,
Iowa,US,12-05-20,43.08221074,-96.1767568,POINT(-96.1767568 43.08221074),100,0,0,100,19167,Sioux,
Iowa,US,18-04-20,42.77461496,-92.31795937,POINT(-92.31795937 42.77461496),26,0,0,26,19017,Bremer,
Iowa,US,29-04-20,42.77461496,-92.31795937,POINT(-92.31795937 42.77461496),50,3,0,47,19017,Bremer,
Iowa,US,12-04-20,42.77461496,-92.31795937,POINT(-92.31795937 42.77461496),3,0,0,3,19017,Bremer,
Iowa,US,18-05-20,42.77461496,-92.31795937,POINT(-92.31795937 42.77461496),64,5,0,59,19017,Bremer,
Iowa,US,29-03-20,42.77461496,-92.31795937,POINT(-92.31795937 42.77461496),0,0,0,0,19017,Bremer,
Iowa,US,18-06-20,42.77461496,-92.31795937,POINT(-92.31795937 42.77461496),81,6,0,75,19017,Bremer,
Iowa,US,30-06-20,42.77461496,-92.31795937,POINT(-92.31795937 42.77461496),87,6,0,81,19017,Bremer,
Iowa,US,30-05-20,42.77461496,-92.31795937,POINT(-92.31795937 42.77461496),69,6,0,63,19017,Bremer,
Iowa,US,23-06-20,42.77461496,-92.31795937,POINT(-92.31795937 42.77461496),85,6,0,79,19017,Bremer,
Iowa,US,05-04-20,42.77461496,-92.31795937,POINT(-92.31795937 42.77461496),2,0,0,0,19017,Bremer,
Iowa,US,23-05-20,42.77461496,-92.31795937,POINT(-92.31795937 42.77461496),67,5,0,62,19017,Bremer,
Iowa,US,23-04-20,42.77461496,-92.31795937,POINT(-92.31795937 42.77461496),34,1,0,33,19017,Bremer,
Iowa,US,29-05-20,42.77461496,-92.31795937,POINT(-92.31795937 42.77461496),69,6,0,63,19017,Bremer,
Iowa,US,29-06-20,42.77461496,-92.31795937,POINT(-92.31795937 42.77461496),87,6,0,81,19017,Bremer,
Iowa,US,23-03-20,42.77461496,-92.31795937,POINT(-92.31795937 42.77461496),0,0,0,0,19017,Bremer,
Iowa,US,02-07-20,42.77461496,-92.31795937,POINT(-92.31795937 42.77461496),90,6,0,84,19017,Bremer,
Iowa,US,02-06-20,42.77461496,-92.31795937,POINT(-92.31795937 42.77461496),69,6,0,63,19017,Bremer,
Iowa,US,02-05-20,42.77461496,-92.31795937,POINT(-92.31795937 42.77461496),52,4,0,48,19017,Bremer,
Iowa,US,30-03-20,42.77461496,-92.31795937,POINT(-92.31795937 42.77461496),0,0,0,0,19017,Bremer,
Iowa,US,30-04-20,42.77461496,-92.31795937,POINT(-92.31795937 42.77461496),51,3,0,48,19017,Bremer,
Iowa,US,02-04-20,42.77461496,-92.31795937,POINT(-92.31795937 42.77461496),1,0,0,0,19017,Bremer,
Iowa,US,24-03-20,42.77461496,-92.31795937,POINT(-92.31795937 42.77461496),0,0,0,0,19017,Bremer,
Iowa,US,24-04-20,42.77461496,-92.31795937,POINT(-92.31795937 42.77461496),35,2,0,33,19017,Bremer,
Iowa,US,09-04-20,42.77461496,-92.31795937,POINT(-92.31795937 42.77461496),2,0,0,0,19017,Bremer,
Iowa,US,09-05-20,42.77461496,-92.31795937,POINT(-92.31795937 42.77461496),58,5,0,53,19017,Bremer,
Iowa,US,15-06-20,42.77461496,-92.31795937,POINT(-92.31795937 42.77461496),74,6,0,68,19017,Bremer,
Iowa,US,26-03-20,42.77461496,-92.31795937,POINT(-92.31795937 42.77461496),0,0,0,0,19017,Bremer,
Iowa,US,15-04-20,42.77461496,-92.31795937,POINT(-92.31795937 42.77461496),9,0,0,9,19017,Bremer,
Iowa,US,09-06-20,42.77461496,-92.31795937,POINT(-92.31795937 42.77461496),74,6,0,68,19017,Bremer,
Iowa,US,21-04-20,42.77461496,-92.31795937,POINT(-92.31795937 42.77461496),32,0,0,32,19017,Bremer,
Iowa,US,15-05-20,42.77461496,-92.31795937,POINT(-92.31795937 42.77461496),63,5,0,58,19017,Bremer,
Iowa,US,21-05-20,42.77461496,-92.31795937,POINT(-92.31795937 42.77461496),65,5,0,60,19017,Bremer,
Iowa,US,21-06-20,42.77461496,-92.31795937,POINT(-92.31795937 42.77461496),82,6,0,76,19017,Bremer,
Iowa,US,26-04-20,42.77461496,-92.31795937,POINT(-92.31795937 42.77461496),41,2,0,39,19017,Bremer,
Iowa,US,26-06-20,42.77461496,-92.31795937,POINT(-92.31795937 42.77461496),85,6,0,79,19017,Bremer,
Iowa,US,26-05-20,42.77461496,-92.31795937,POINT(-92.31795937 42.77461496),67,6,0,61,19017,Bremer,
Iowa,US,25-06-20,42.77461496,-92.31795937,POINT(-92.31795937 42.77461496),86,6,0,80,19017,Bremer,
Iowa,US,25-04-20,42.77461496,-92.31795937,POINT(-92.31795937 42.77461496),38,2,0,36,19017,Bremer,
Iowa,US,16-04-20,42.77461496,-92.31795937,POINT(-92.31795937 42.77461496),10,0,0,10,19017,Bremer,
Iowa,US,10-05-20,42.77461496,-92.31795937,POINT(-92.31795937 42.77461496),58,5,0,53,19017,Bremer,
Iowa,US,25-05-20,42.77461496,-92.31795937,POINT(-92.31795937 42.77461496),67,6,0,61,19017,Bremer,
Iowa,US,10-06-20,42.77461496,-92.31795937,POINT(-92.31795937 42.77461496),74,6,0,68,19017,Bremer,
Iowa,US,25-03-20,42.77461496,-92.31795937,POINT(-92.31795937 42.77461496),0,0,0,0,19017,Bremer,
Iowa,US,01-06-20,42.77461496,-92.31795937,POINT(-92.31795937 42.77461496),69,6,0,63,19017,Bremer,
Iowa,US,01-05-20,42.77461496,-92.31795937,POINT(-92.31795937 42.77461496),51,4,0,47,19017,Bremer,
Iowa,US,07-04-20,42.77461496,-92.31795937,POINT(-92.31795937 42.77461496),2,0,0,0,19017,Bremer,
Iowa,US,16-06-20,42.77461496,-92.31795937,POINT(-92.31795937 42.77461496),74,6,0,68,19017,Bremer,
Iowa,US,16-05-20,42.77461496,-92.31795937,POINT(-92.31795937 42.77461496),64,5,0,59,19017,Bremer,
Iowa,US,10-04-20,42.77461496,-92.31795937,POINT(-92.31795937 42.77461496),2,0,0,0,19017,Bremer,
Iowa,US,07-05-20,42.77461496,-92.31795937,POINT(-92.31795937 42.77461496),56,5,0,51,19017,Bremer,
Iowa,US,07-06-20,42.77461496,-92.31795937,POINT(-92.31795937 42.77461496),72,6,0,66,19017,Bremer,
Iowa,US,06-04-20,42.77461496,-92.31795937,POINT(-92.31795937 42.77461496),2,0,0,0,19017,Bremer,
Iowa,US,06-05-20,42.77461496,-92.31795937,POINT(-92.31795937 42.77461496),55,5,0,50,19017,Bremer,
Iowa,US,06-06-20,42.77461496,-92.31795937,POINT(-92.31795937 42.77461496),71,6,0,65,19017,Bremer,
Iowa,US,24-06-20,42.77461496,-92.31795937,POINT(-92.31795937 42.77461496),85,6,0,79,19017,Bremer,
Iowa,US,24-05-20,42.77461496,-92.31795937,POINT(-92.31795937 42.77461496),67,6,0,61,19017,Bremer,
Iowa,US,17-05-20,42.77461496,-92.31795937,POINT(-92.31795937 42.77461496),64,5,0,59,19017,Bremer,
Iowa,US,01-07-20,42.77461496,-92.31795937,POINT(-92.31795937 42.77461496),88,6,0,82,19017,Bremer,
Iowa,US,11-04-20,42.77461496,-92.31795937,POINT(-92.31795937 42.77461496),3,0,0,0,19017,Bremer,
Iowa,US,17-06-20,42.77461496,-92.31795937,POINT(-92.31795937 42.77461496),75,6,0,69,19017,Bremer,
Iowa,US,06-07-20,42.77461496,-92.31795937,POINT(-92.31795937 42.77461496),94,6,0,88,19017,Bremer,
Iowa,US,17-04-20,42.77461496,-92.31795937,POINT(-92.31795937 42.77461496),23,0,0,23,19017,Bremer,
Iowa,US,05-07-20,42.77461496,-92.31795937,POINT(-92.31795937 42.77461496),94,6,0,88,19017,Bremer,
Iowa,US,05-05-20,42.77461496,-92.31795937,POINT(-92.31795937 42.77461496),55,5,0,50,19017,Bremer,
Iowa,US,08-06-20,42.77461496,-92.31795937,POINT(-92.31795937 42.77461496),74,6,0,68,19017,Bremer,
Iowa,US,14-06-20,42.77461496,-92.31795937,POINT(-92.31795937 42.77461496),74,6,0,68,19017,Bremer,
Iowa,US,05-06-20,42.77461496,-92.31795937,POINT(-92.31795937 42.77461496),71,6,0,65,19017,Bremer,
Iowa,US,11-05-20,42.77461496,-92.31795937,POINT(-92.31795937 42.77461496),58,5,0,53,19017,Bremer,
Iowa,US,27-03-20,42.77461496,-92.31795937,POINT(-92.31795937 42.77461496),0,0,0,0,19017,Bremer,
Iowa,US,27-04-20,42.77461496,-92.31795937,POINT(-92.31795937 42.77461496),45,3,0,42,19017,Bremer,
Iowa,US,11-06-20,42.77461496,-92.31795937,POINT(-92.31795937 42.77461496),74,6,0,68,19017,Bremer,
Iowa,US,27-05-20,42.77461496,-92.31795937,POINT(-92.31795937 42.77461496),67,6,0,61,19017,Bremer,
Iowa,US,03-05-20,42.77461496,-92.31795937,POINT(-92.31795937 42.77461496),53,5,0,48,19017,Bremer,
Iowa,US,03-04-20,42.77461496,-92.31795937,POINT(-92.31795937 42.77461496),1,0,0,0,19017,Bremer,
Iowa,US,20-04-20,42.77461496,-92.31795937,POINT(-92.31795937 42.77461496),28,0,0,28,19017,Bremer,
Iowa,US,27-06-20,42.77461496,-92.31795937,POINT(-92.31795937 42.77461496),85,6,0,79,19017,Bremer,
Iowa,US,20-05-20,42.77461496,-92.31795937,POINT(-92.31795937 42.77461496),65,5,0,60,19017,Bremer,
Iowa,US,20-06-20,42.77461496,-92.31795937,POINT(-92.31795937 42.77461496),81,6,0,75,19017,Bremer,
Iowa,US,14-04-20,42.77461496,-92.31795937,POINT(-92.31795937 42.77461496),9,0,0,9,19017,Bremer,
Iowa,US,14-05-20,42.77461496,-92.31795937,POINT(-92.31795937 42.77461496),62,5,0,57,19017,Bremer,
Iowa,US,08-05-20,42.77461496,-92.31795937,POINT(-92.31795937 42.77461496),57,5,0,52,19017,Bremer,
Iowa,US,03-07-20,42.77461496,-92.31795937,POINT(-92.31795937 42.77461496),91,6,0,85,19017,Bremer,
Iowa,US,08-04-20,42.77461496,-92.31795937,POINT(-92.31795937 42.77461496),2,0,0,0,19017,Bremer,
Iowa,US,03-06-20,42.77461496,-92.31795937,POINT(-92.31795937 42.77461496),69,6,0,63,19017,Bremer,
Iowa,US,22-05-20,42.77461496,-92.31795937,POINT(-92.31795937 42.77461496),65,5,0,60,19017,Bremer,
Iowa,US,28-06-20,42.77461496,-92.31795937,POINT(-92.31795937 42.77461496),86,6,0,80,19017,Bremer,
Iowa,US,22-04-20,42.77461496,-92.31795937,POINT(-92.31795937 42.77461496),33,0,0,33,19017,Bremer,
Iowa,US,22-06-20,42.77461496,-92.31795937,POINT(-92.31795937 42.77461496),82,6,0,76,19017,Bremer,
Iowa,US,22-03-20,42.77461496,-92.31795937,POINT(-92.31795937 42.77461496),0,0,0,0,19017,Bremer,
Iowa,US,28-03-20,42.77461496,-92.31795937,POINT(-92.31795937 42.77461496),0,0,0,0,19017,Bremer,
Iowa,US,19-06-20,42.77461496,-92.31795937,POINT(-92.31795937 42.77461496),81,6,0,75,19017,Bremer,
Iowa,US,19-05-20,42.77461496,-92.31795937,POINT(-92.31795937 42.77461496),65,5,0,60,19017,Bremer,
Iowa,US,28-04-20,42.77461496,-92.31795937,POINT(-92.31795937 42.77461496),48,3,0,45,19017,Bremer,
Iowa,US,28-05-20,42.77461496,-92.31795937,POINT(-92.31795937 42.77461496),67,6,0,61,19017,Bremer,
Iowa,US,19-04-20,42.77461496,-92.31795937,POINT(-92.31795937 42.77461496),26,0,0,26,19017,Bremer,
Iowa,US,04-05-20,42.77461496,-92.31795937,POINT(-92.31795937 42.77461496),55,5,0,50,19017,Bremer,
Iowa,US,04-07-20,42.77461496,-92.31795937,POINT(-92.31795937 42.77461496),92,6,0,86,19017,Bremer,
Iowa,US,04-06-20,42.77461496,-92.31795937,POINT(-92.31795937 42.77461496),70,6,0,64,19017,Bremer,
Iowa,US,13-06-20,42.77461496,-92.31795937,POINT(-92.31795937 42.77461496),74,6,0,68,19017,Bremer,
Iowa,US,31-05-20,42.77461496,-92.31795937,POINT(-92.31795937 42.77461496),70,6,0,64,19017,Bremer,
Iowa,US,13-04-20,42.77461496,-92.31795937,POINT(-92.31795937 42.77461496),4,0,0,4,19017,Bremer,
Iowa,US,13-05-20,42.77461496,-92.31795937,POINT(-92.31795937 42.77461496),62,5,0,57,19017,Bremer,
Iowa,US,04-04-20,42.77461496,-92.31795937,POINT(-92.31795937 42.77461496),2,0,0,0,19017,Bremer,
Iowa,US,12-06-20,42.77461496,-92.31795937,POINT(-92.31795937 42.77461496),74,6,0,68,19017,Bremer,
Iowa,US,12-05-20,42.77461496,-92.31795937,POINT(-92.31795937 42.77461496),60,5,0,55,19017,Bremer,
Iowa,US,29-04-20,42.7764426,-94.20722537,POINT(-94.20722537 42.7764426),4,0,0,4,19091,Humboldt,
Iowa,US,18-05-20,42.7764426,-94.20722537,POINT(-94.20722537 42.7764426),7,0,0,7,19091,Humboldt,
Iowa,US,29-03-20,42.7764426,-94.20722537,POINT(-94.20722537 42.7764426),0,0,0,0,19091,Humboldt,
Iowa,US,18-06-20,42.7764426,-94.20722537,POINT(-94.20722537 42.7764426),37,1,0,36,19091,Humboldt,
Iowa,US,30-06-20,42.7764426,-94.20722537,POINT(-94.20722537 42.7764426),48,1,0,47,19091,Humboldt,
Iowa,US,30-05-20,42.7764426,-94.20722537,POINT(-94.20722537 42.7764426),17,0,0,17,19091,Humboldt,
Iowa,US,23-06-20,42.7764426,-94.20722537,POINT(-94.20722537 42.7764426),42,1,0,41,19091,Humboldt,
Iowa,US,23-05-20,42.7764426,-94.20722537,POINT(-94.20722537 42.7764426),11,0,0,11,19091,Humboldt,
Iowa,US,23-04-20,42.7764426,-94.20722537,POINT(-94.20722537 42.7764426),2,0,0,2,19091,Humboldt,
Iowa,US,29-05-20,42.7764426,-94.20722537,POINT(-94.20722537 42.7764426),16,0,0,16,19091,Humboldt,
Iowa,US,29-06-20,42.7764426,-94.20722537,POINT(-94.20722537 42.7764426),48,1,0,47,19091,Humboldt,
Iowa,US,23-03-20,42.7764426,-94.20722537,POINT(-94.20722537 42.7764426),0,0,0,0,19091,Humboldt,
Iowa,US,02-07-20,42.7764426,-94.20722537,POINT(-94.20722537 42.7764426),53,1,0,52,19091,Humboldt,
Iowa,US,02-06-20,42.7764426,-94.20722537,POINT(-94.20722537 42.7764426),19,1,0,18,19091,Humboldt,
Iowa,US,02-05-20,42.7764426,-94.20722537,POINT(-94.20722537 42.7764426),4,0,0,4,19091,Humboldt,
Iowa,US,30-03-20,42.7764426,-94.20722537,POINT(-94.20722537 42.7764426),0,0,0,0,19091,Humboldt,
Iowa,US,30-04-20,42.7764426,-94.20722537,POINT(-94.20722537 42.7764426),4,0,0,4,19091,Humboldt,
Iowa,US,24-03-20,42.7764426,-94.20722537,POINT(-94.20722537 42.7764426),0,0,0,0,19091,Humboldt,
Iowa,US,24-04-20,42.7764426,-94.20722537,POINT(-94.20722537 42.7764426),4,0,0,4,19091,Humboldt,
Iowa,US,09-05-20,42.7764426,-94.20722537,POINT(-94.20722537 42.7764426),6,0,0,6,19091,Humboldt,
Iowa,US,15-06-20,42.7764426,-94.20722537,POINT(-94.20722537 42.7764426),34,1,0,33,19091,Humboldt,
Iowa,US,26-03-20,42.7764426,-94.20722537,POINT(-94.20722537 42.7764426),0,0,0,0,19091,Humboldt,
Iowa,US,09-06-20,42.7764426,-94.20722537,POINT(-94.20722537 42.7764426),24,1,0,23,19091,Humboldt,
Iowa,US,21-04-20,42.7764426,-94.20722537,POINT(-94.20722537 42.7764426),1,0,0,1,19091,Humboldt,
Iowa,US,15-05-20,42.7764426,-94.20722537,POINT(-94.20722537 42.7764426),7,0,0,7,19091,Humboldt,
Iowa,US,21-05-20,42.7764426,-94.20722537,POINT(-94.20722537 42.7764426),9,0,0,9,19091,Humboldt,
Iowa,US,21-06-20,42.7764426,-94.20722537,POINT(-94.20722537 42.7764426),40,1,0,39,19091,Humboldt,
Iowa,US,26-04-20,42.7764426,-94.20722537,POINT(-94.20722537 42.7764426),4,0,0,4,19091,Humboldt,
Iowa,US,26-06-20,42.7764426,-94.20722537,POINT(-94.20722537 42.7764426),45,1,0,44,19091,Humboldt,
Iowa,US,26-05-20,42.7764426,-94.20722537,POINT(-94.20722537 42.7764426),13,0,0,13,19091,Humboldt,
